OFF
1742 870 0
-0.6342448813888369 1.908926654166573 37.07597911958133
-4.918945536805399 4.399638639166438 37.07597911958133
-1.967578214722172 0.4182146691667138 37.07597911958133
2.317122440694385 -2.072497315833147 37.07597911958133
4.094209105170505 3.393523837155995 37.07597911958133
-0.1904915502460494 5.884235822155854 37.07597911958133
7.857205119183828 6.61876288213684 37.07597911958135
3.572504463767272 9.109474867136695 37.07597911958135
8.091531495215325 11.56925750876204 37.07597911958136
3.806830839798771 14.0599694937619 37.07597911958136
6.484628658702087 16.2575588186988 37.07597911958137
2.19992800328553 18.74827080369866 37.07597911958138
11.38159195934637 15.27571242432635 37.07597911958137
9.774689122833131 19.9640137342631 37.07597911958138
14.64854681359672 20.86280019885508 37.07597911958139
16.25544965010996 16.17449888891831 37.07597911958138
17.88460566277145 20.85511386829419 37.07597911958139
16.27770282625821 25.54341517823095 37.0759791195814
22.75658017492578 19.94617478801014 37.0759791195814
21.14967733841254 24.63447609794689 37.0759791195814
27.0348556698899 22.44790712539927 37.07597911958139
25.42795283337666 27.13620843533603 37.0759791195814
25.42679791633249 27.13818244268517 37.0759791195814
20.55482340417817 28.04712152296923 37.0759791195814
26.65470244561141 31.93969849136453 37.0759791195814
21.78272793345706 32.84863757164858 37.07597911958139
29.49922406014145 29.96265605770981 37.07597911958142
30.72712858942035 34.76417210638917 37.07597911958143
30.09875877833248 39.68021291981438 37.07597911958143
26.02633263452353 36.85573930478974 37.0759791195814
32.84335647451468 43.80689310912642 37.07597911958144
33.47172628560256 38.89085229570121 37.07597911958144
38.41499337730019 38.53530151326886 37.07597911958145
37.78662356621232 43.45134232669407 37.07597911958145
43.10989851567741 40.12280636062787 37.07597911958145
42.48152870458953 45.03884717405308 37.07597911958147
42.46791302821559 45.07855923653928 37.07597911958148
37.52464593651796 45.43411001897166 37.07597911958146
36.89627612543008 50.35015083239687 37.07597911958146
41.83954321712771 49.99460004996452 37.07597911958147
45.21251072439777 49.20523942585134 37.07597911958148
44.58414091330989 54.12128023927655 37.0759791195815
49.28493686820671 52.02971304087598 37.0759791195815
48.65656705711883 56.94575385430119 37.07597911958153
53.50525986508151 55.91984744884301 37.07597911958154
54.13362967616938 51.0038066354178 37.07597911958154
54.84834398055934 60.69042717855095 37.07597911958155
49.99965117259667 61.71633358400914 37.07597911958153
59.18447089338856 63.09049161405827 37.07597911958158
54.33577808542588 64.11639801951647 37.07597911958155
57.69084422735544 67.81610112831819 37.07597911958158
52.84215141939276 68.84200753377638 37.07597911958156
59.43215450157788 72.45615979471847 37.07597911958161
60.925781167611 67.73055028045854 37.0759791195816
65.81985448909307 68.5118007029906 37.07597911958163
64.32622782305995 73.23741021725051 37.07597911958165
69.19814787288963 72.13801632147572 37.07597911958166
67.7045212068565 76.86362583573563 37.07597911958167
67.69483830356697 76.87262263599129 37.07597911958168
62.80076498208489 76.09137221345925 37.07597911958165
54.57108075621952 73.48669366386191 37.07597911958158
59.41977356418217 72.46078725840373 37.0759791195816
49.88447158639773 61.74726990298056 37.07597911958155
45.81204544258878 58.92279628795592 37.07597911958152
44.58223630326188 54.12254633522803 37.07597911958149
39.63896921156424 54.47809711766038 37.07597911958148
21.03624922920777 37.7481350400479 37.0759791195814
25.90822374136211 36.83919595976384 37.0759791195814
16.26521412657735 25.54774338932056 37.0759791195814
11.39135643581376 24.64895692472859 37.0759791195814
9.772978373896123 19.96553158684749 37.07597911958135
5.488277718479574 22.45624357184735 37.07597911958136
11.36780843649858 24.65795345302368 37.07597911958135
7.083107781082025 27.14866543802355 37.07597911958135
16.23700149898345 25.58167679851106 37.07597911958133
11.95230084356688 28.07238878351093 37.07597911958133
20.42287373106196 28.23512352973876 37.07597911958131
16.1381730756454 30.72583551473863 37.07597911958131
21.36333699075598 33.10111107143209 37.07597911958128
17.07863633533942 35.59182305643196 37.07597911958128
20.3134635489289 37.94467088368745 37.07597911958127
16.02876289351235 40.43538286868733 37.07597911958127
25.23372906706712 37.35028621887091 37.07597911958126
20.94902841165055 39.84099820387077 37.07597911958126
28.99672508108044 40.57552526385174 37.07597911958125
24.71202442566389 43.0662372488516 37.07597911958124
31.19977372612565 45.01499398953431 37.07597911958123
26.91507307070908 47.50570597453417 37.07597911958123
29.59287088961241 49.70329529947108 37.07597911958123
25.30817023419585 52.19400728447095 37.07597911958123
33.87114638457655 52.20502763686021 37.07597911958117
35.47804922108978 47.51672632692345 37.07597911958117
29.58529081211582 54.69771362920922 37.07597911958125
33.86999146753237 52.20700164420935 37.07597911958123
35.70239681429653 56.81184654321509 37.07597911958125
31.41769615887998 59.30255852821495 37.07597911958125
36.32621389604594 59.98721867944058 37.07597911958125
40.61091455146249 57.49650669444072 37.07597911958125
36.38526477842324 64.94290419125825 37.07597911958124
40.6699654338398 62.45219220625838 37.07597911958124
43.95831514903384 66.16016497440708 37.07597911958126
39.67361449361728 68.65087695940694 37.07597911958126
36.72224717153406 72.63230092940665 37.07597911958125
41.00694782695061 70.14158894440679 37.07597911958126
44.32658860006173 73.82157413951926 37.07597911958129
47.27795592214497 69.84015016951956 37.07597911958128
40.01059688672809 76.34027369755535 37.07597911958128
44.29529754214463 73.84956171255547 37.07597911958128
40.06964776910539 81.29595920937301 37.07597911958131
44.35434842452197 78.80524722437315 37.0759791195813
44.97816550627135 81.98061936059862 37.07597911958131
49.2628661616879 79.48990737559878 37.07597911958132
51.09527150845206 84.0947522746045 37.07597911958133
46.81057085303551 86.58546425960436 37.07597911958133
51.08769143095546 89.08917060434264 37.07597911958134
55.37239208637202 86.59845861934279 37.07597911958135
53.76548924985878 91.28675992927957 37.07597911958136
49.48078859444222 93.77747191427945 37.07597911958137
51.68383723948742 98.21694063996198 37.07597911958139
55.96853789490399 95.7262286549621 37.0759791195814
59.73153390891729 98.95146769994298 37.07597911958143
55.44683325350074 101.4421796849428 37.07597911958143
64.65179942705552 98.35708303512642 37.07597911958145
60.36709877163894 100.8477950201263 37.07597911958144
49.47862527931869 93.7767298859311 37.07597911958133
45.20150470139874 91.27302354119284 37.07597911958131
46.79828350458413 86.59033479335227 37.07597911958133
41.88976576741818 85.90567464212664 37.07597911958133
45.15708522205099 91.26674090233801 37.07597911958135
40.24856748488503 90.58208075111239 37.07597911958135
44.48679571768793 93.15107420097199 37.07597911958136
49.39531345485388 93.8357343521976 37.07597911958138
36.77901117299739 77.58801316347422 37.0759791195813
40.06736088819142 81.29598593162291 37.07597911958132
38.29347468029577 85.92368877646791 37.07597911958136
35.00512496510172 82.21571600831921 37.07597911958135
41.75743522847183 85.95495090499143 37.07597911958135
39.98354902057618 90.58265374983644 37.07597911958139
36.68862770741468 72.6071580142544 37.07597911958126
33.40027799222064 68.8991852461057 37.07597911958125
36.37204806666094 64.94304405242875 37.07597911958124
31.46353032949498 64.25838390120312 37.07597911958123
33.35998020596874 68.87874641685292 37.07597911958123
28.45146246880278 68.19408626562729 37.07597911958123
31.71256565733325 71.92604445034817 37.07597911958123
36.62108339449921 72.61070460157379 37.07597911958122
36.26125741530995 77.55366233591158 37.07597911958122
31.35273967814399 76.86900218468595 37.07597911958122
29.08954860991571 81.27811457693005 37.07597911958121
33.99806634708166 81.96277472815568 37.07597911958121
31.40540881042859 59.30742906196284 37.07597911958126
27.12828823250863 56.80372271722456 37.07597911958126
24.02187179667686 60.6653911164975 37.07597911958128
28.29899237459682 63.16909746123577 37.07597911958127
31.34453187643839 64.2630924784649 37.07597911958127
28.23811544060662 68.12476087773786 37.07597911958128
28.22489921426841 68.12458089903896 37.07597911958128
23.94777863634845 65.62087455430068 37.07597911958128
19.78541560532208 43.66800816426391 37.07597911958126
24.70568112346031 43.07362349944735 37.07597911958123
26.88750350630659 47.52356248649649 37.07597911958123
21.96723798816837 48.11794715131305 37.07597911958124
20.22581077029344 52.75796192969396 37.07597911958124
25.14607628843166 52.1635772648774 37.07597911958121
21.81697441591513 55.83500568187753 37.07597911958123
16.89670889777691 56.42939034669408 37.07597911958124
26.70327253001662 56.86862197921782 37.07597911958122
23.37417065750008 60.54005039621794 37.07597911958125
23.37199927898696 60.54076848656471 37.07597911958123
18.45173376084874 61.13515315138127 37.07597911958123
22.98229870589511 65.48146068119502 37.07597911958122
18.06203318775689 66.07584534601159 37.07597911958126
27.08991503298379 68.2545084644443 37.07597911958122
22.16964951484557 68.84889312926084 37.07597911958125
29.88618049949077 72.34635466629126 37.07597911958126
24.96591498135255 72.94073933110782 37.07597911958127
23.90652830392605 77.78222730139549 37.07597911958133
28.82679382206427 77.18784263657894 37.07597911958131
25.94799927982589 81.22205233394561 37.07597911958137
21.02773376168767 81.81643699876219 37.0759791195814
30.70255871512869 82.62079122127311 37.07597911958138
25.78229319699048 83.2151758860897 37.07597911958139
32.88438109797499 87.07073020832225 37.07597911958145
27.96411557983679 87.6651148731388 37.07597911958145
28.23308827831586 92.6138480025591 37.07597911958155
33.15335379645408 92.01946333774254 37.07597911958152
23.20080994811859 86.27065362873384 37.07597911958143
27.95536938342139 87.66939251606132 37.07597911958143
18.20183907994324 44.88959949865896 37.07597911958126
21.95849179175298 48.12222479423556 37.07597911958125
20.14358922779227 52.73399610058605 37.07597911958125
16.38693651598252 49.50137080500946 37.07597911958125
15.07878639821891 35.5673234850263 37.07597911958129
16.01924965791293 40.43331102671965 37.07597911958126
15.01150425627401 35.55210977862017 37.07597911958129
10.8256320241955 32.89866304739246 37.07597911958131
15.87456487957133 40.43242045103261 37.07597911958126
11.68869264749281 37.77897371980491 37.07597911958128
5.840634326538069 31.94643216990024 37.07597911958133
10.70982738902293 32.87015551538761 37.07597911958131
11.44143065823885 37.77189628323953 37.07597911958129
6.572237595754002 36.84817293775217 37.0759791195813
15.54904698532754 40.54494406648878 37.07597911958127
10.67985392284267 39.62122072100142 37.07597911958128
11.58362898879559 43.51778210639774 37.07597911958127
6.714435926310741 42.59405876091036 37.07597911958127
13.081523937847 44.84304084400572 37.07597911958126
9.116105941315064 47.81587888391467 37.07597911958126
17.05917291058802 45.26530693268933 37.07597911958124
14.5916498631075 49.56340371020627 37.07597911958124
14.58237371020509 49.56636127137052 37.07597911958123
10.61695571367317 52.53919931127948 37.07597911958124
17.80997509484224 53.32733125272341 37.07597911958123
13.8445570983103 56.30016929263238 37.07597911958122
9.107667013379114 47.81102309602794 37.07597911958125
4.238473950894266 46.88729975054056 37.07597911958126
10.53330937452576 52.55758498405313 37.07597911958123
5.664116312040909 51.63386163856576 37.07597911958126
13.60813363330009 56.44445540592238 37.07597911958121
8.738940570815235 55.52073206043502 37.07597911958123
6.871165425499107 60.11134442756954 37.0759791195812
11.74035848798397 61.0350677730569 37.07597911958119
13.70687382758357 61.39950901539847 37.07597911958119
11.83909868226746 65.990121382533 37.07597911958117
11.7971224894473 65.99078000712447 37.07597911958116
6.927929426962434 65.06705666163711 37.07597911958118
7.512421834030736 68.48149199212433 37.07597911958118
2.643228771545887 67.55776864663696 37.07597911958118
14.56467768535637 70.10209903346451 37.07597911958117
10.27997702993981 72.5928110184644 37.07597911958118
15.50514094505039 74.96808657515784 37.07597911958116
11.22044028963384 77.45879856015772 37.07597911958118
12.55377362296718 78.94951054515757 37.07597911958118
8.269072967550613 81.44022253015744 37.07597911958118
8.261257082773881 81.43441683245035 37.07597911958118
7.320793823079864 76.56842929075701 37.07597911958117
4.54207446679938 72.44877600221621 37.0759791195812
7.309629662708447 76.56009502855626 37.07597911958119
8.226844173242084 81.43051836132885 37.07597911958119
5.459288977333015 77.3191993349888 37.07597911958119
-0.421720209792835 71.45243084515172 37.0759791195812
4.447472852692025 72.37615419063908 37.07597911958118
5.179076121907949 77.277894958491 37.07597911958118
0.309883059423099 76.35417161300364 37.07597911958119
7.780229302640624 81.49646201723424 37.07597911958117
2.911036240155769 80.57273867174688 37.07597911958117
6.869047218164392 60.11048202622414 37.07597911958121
3.794222959390073 56.22361160435489 37.07597911958122
7.043302581551393 27.16200637653455 37.07597911958137
3.754952866357354 23.45403360838585 37.07597911958137
2.758601926134836 29.65271836153441 37.07597911958136
-0.5297477890592104 25.9447455933857 37.07597911958138
1.151699089621598 34.34101967147117 37.07597911958137
5.436399745038157 31.8503076864713 37.07597911958136
5.670726121069658 36.80080231309652 37.07597911958136
1.386025465653094 39.29151429809637 37.07597911958138
9.43372213508297 40.02604135807736 37.07597911958136
5.149021479666411 42.51675334307722 37.07597911958138
-1.584321901578283 43.25879830818825 37.07597911958139
2.178674112435042 46.48403735316909 37.07597911958138
2.910277381650966 51.38577812102103 37.07597911958138
-0.8527186323623548 48.16053907604018 37.07597911958139
-5.512425870982927 49.84856583800105 37.0759791195814
-1.749429856969606 53.07380488298189 37.07597911958139
-4.373994559490479 57.27784651229891 37.07597911958141
0.2857126791300939 55.58981975033805 37.0759791195814
2.641702223266287 59.9500513000003 37.07597911958139
-2.018005015354281 61.63807806196116 37.0759791195814
-2.842253589473177 66.52509353020065 37.07597911958141
1.817453649147389 64.83706676823979 37.0759791195814
-5.211273565418849 62.16264638179007 37.07597911958142
-2.855284021282643 66.52287793145229 37.07597911958142
-4.38519714056723 57.2708320124469 37.0759791195814
-8.148193154580548 54.04559296746607 37.0759791195814
-1.913249891717127 38.23568186998592 37.07597911958138
-1.678923515685632 43.18617649661112 37.0759791195814
1.149535774498072 34.34027764312285 37.07597911958133
-2.138813940695971 30.63230487497414 37.07597911958134
-1.16229282499565 7.632263934743017 37.07597911958133
3.566161161563687 9.116861117732444 37.07597911958133
3.721831786437263 14.07045300194137 37.07597911958133
-1.006622200122074 12.58585581895194 37.07597911958133
-2.799480079288283 17.20624179026004 37.07597911958133
1.928973907271059 18.69083897324948 37.07597911958132
-2.616678239515952 20.66551678473155 37.07597911958133
-7.345132226075296 19.18091960174215 37.07597911958133
-1.579275353922615 25.51176287337704 37.0759791195813
2.966376792864398 23.53708506189496 37.07597911958129
-6.309965823119871 24.02764389934164 37.07597911958131
-1.58151183656053 25.51224108233105 37.07597911958131
-3.746417261292883 29.97043470763644 37.07597911958126
-8.474871247852226 28.48583752464702 37.07597911958127
-5.670663010146612 32.57224451102674 37.07597911958124
-0.9422090235872704 34.05684169401617 37.07597911958123
-4.561964882764705 37.44205563388758 37.07597911958121
-9.290418869324052 35.95745845089816 37.07597911958121
-9.811280513633122 40.88604943070534 37.07597911958118
-5.082826527073786 42.37064661369475 37.07597911958118
-10.01304757318306 42.87584591619841 37.07597911958118
-14.7415015597424 41.39124873320899 37.07597911958119
-5.561920990534174 47.30347282123852 37.07597911958117
-10.49214203664345 47.80867212374217 37.07597911958116
-15.26236320405148 46.31983971301617 37.07597911958116
-10.53390921749214 47.80443689600558 37.07597911958116
-14.15366507666957 51.18965083587698 37.07597911958115
-18.88211906322892 49.70505365288756 37.07597911958115
-11.34945683896396 55.27605782225669 37.07597911958114
-16.07791082552331 53.79146063926728 37.07597911958113
-13.51436226369631 59.73425144756206 37.07597911958113
-18.24281625025566 58.24965426457264 37.07597911958113
-12.47919586074088 64.58097574516157 37.07597911958111
-17.20764984730023 63.09637856217215 37.07597911958111
-17.02484800752789 66.55565355664366 37.07597911958109
-21.75330199408723 65.07105637365424 37.07597911958108
-23.54615987325344 69.69144234496233 37.07597911958106
-18.81770588669409 71.17603952795176 37.07597911958106
-23.39048924837986 74.64503422917126 37.07597911958104
-18.66203526182052 76.12963141216068 37.07597911958102
-19.63383653657013 77.87765952474787 37.07597911958101
-14.90538255001079 79.36225670773727 37.07597911958101
-19.19008320542734 81.85296869273715 37.07597911958099
-23.91853719198668 80.36837150974775 37.07597911958098
-17.856749872094 83.34368067773698 37.07597911958099
-22.14145052751056 85.83439266273686 37.07597911958099
-16.91628661239997 88.20966821943034 37.07597911958096
-21.20098726781653 90.7003802044302 37.07597911958096
-22.14926641228729 85.8285869650298 37.07597911958097
-26.87772039884663 84.34398978204037 37.07597911958096
-21.28620578898998 90.70889763744222 37.07597911958096
-26.01465977554932 89.2243004544528 37.07597911958095
-18.6850526082573 94.92746469618542 37.07597911958095
-23.41350659481665 93.44286751319601 37.07597911958095
-21.0748265516065 99.26927150884282 37.07597911958093
-25.80328053816584 97.78467432585339 37.07597911958093
-21.59568819591558 104.19786248865 37.07597911958091
-26.32414218247492 102.7132653056606 37.07597911958091
-26.14134034270259 106.1725403001321 37.07597911958091
-30.86979432926193 104.6879431171427 37.07597911958089
-34.36752907039157 108.1990907328723 37.07597911958089
-29.63907508383222 109.6836879158617 37.07597911958088
-30.87070508964627 104.6858452482441 37.07597911958091
-30.34984344533719 99.75725426843687 37.07597911958093
-25.80528387490516 97.78357106690724 37.07597911958096
-28.40643705563783 93.56500400816402 37.07597911958095
-30.36098459081678 99.73495439311237 37.07597911958097
-32.96213777154945 95.51638733436917 37.07597911958097
-30.91793076691487 104.6595982234496 37.07597911958099
-33.51908394764755 100.4410311647064 37.07597911958099
-23.92342197301602 80.35994933099136 37.075979119581
-27.68007468482576 77.12732403541476 37.07597911958104
-26.90155741019005 84.32139038401705 37.07597911958097
-30.65821012199978 81.08876508844045 37.075979119581
-26.17958511177914 89.22455894109076 37.07597911958094
-29.93623782358888 85.99193364551417 37.07597911958096
-30.84259951804443 90.9034283659453 37.07597911958092
-34.59925222985417 87.67080307036871 37.07597911958096
-28.8124036661453 93.42343645282344 37.07597911958089
-33.47541807241059 95.10230587767798 37.0759791195809
-33.48660685175732 95.09526938368697 37.07597911958089
-37.24325956356704 91.86264408811037 37.07597911958092
-27.71420816895299 77.06738032224447 37.07597911958102
-27.86987879382657 72.11378843803554 37.07597911958105
-30.84062749744007 80.91287223891926 37.07597911958099
-30.99629812231364 75.95928035471036 37.07597911958103
-27.92691392894859 72.00904882628301 37.07597911958104
-26.13405604978239 67.3886628549749 37.07597911958107
-21.75421275447157 65.06895850475564 37.0759791195811
-22.78937915742701 60.22223420715614 37.07597911958111
-18.25469827340904 58.24386474328526 37.07597911958111
-21.05890651111465 54.15745775690553 37.07597911958112
-22.81469163410821 60.18519584568089 37.07597911958111
-25.61889987181382 56.09878885930116 37.07597911958111
-21.85396214131481 65.04722265971904 37.07597911958109
-24.65817037902042 60.96081567333933 37.0759791195811
-26.41395550201396 66.98855376211469 37.07597911958109
-29.21816373971957 62.90214677573496 37.07597911958109
-28.5907429498997 71.44095786613265 37.07597911958108
-31.39495118760531 67.35455087975292 37.07597911958108
-18.88368083502812 49.70338290238536 37.07597911958118
-18.36281919071905 44.77479192257819 37.07597911958119
-23.4971799612111 51.51388882931789 37.07597911958121
-22.97631831690204 46.58529784951072 37.07597911958121
-21.18452521787231 54.09296386469639 37.07597911958118
-25.79802434405531 55.90346979162891 37.07597911958121
-14.74560405838517 41.34946830651282 37.07597911958117
-14.22474241407609 36.42087732670564 37.07597911958119
-12.10364238694611 31.86138576438947 37.07597911958123
-9.299434149240501 35.9477927507692 37.07597911958121
-14.2368218674168 36.3773371828724 37.07597911958118
-17.0410301051224 32.29093019649267 37.07597911958121
-17.5979762812205 37.21557402682991 37.07597911958116
-14.79376804351489 41.30198101320965 37.07597911958112
-18.686572648963 44.36928898642508 37.07597911958107
-21.49078088666861 40.28288200004535 37.07597911958109
-23.46858868096034 45.6710679878188 37.07597911958101
-26.27279691866594 41.58466100143908 37.07597911958104
-9.521919673961033 23.63332370576012 37.0759791195813
-8.486753271005616 28.48004800335962 37.07597911958126
-13.43308891941872 28.7899988897701 37.07597911958125
-14.46825532237416 23.94327459217059 37.07597911958128
-12.18735986210537 31.77668519247494 37.07597911958123
-17.13369551051848 32.08663607888541 37.07597911958123
-17.14247427428023 32.07675506994045 37.07597911958123
-18.17764067723566 27.23003077234095 37.07597911958126
-1.016353922031306 12.58615207794433 37.07597911958133
-4.773006633841042 9.353526782367746 37.07597911958133
-2.831256485992028 17.19792338429485 37.07597911958133
-6.587909197801774 13.96529808871827 37.07597911958133
-7.4319604564778 19.04070087349574 37.07597911958132
-11.18861316828753 15.80807557791916 37.07597911958131
-12.38796782979869 19.0579291739926 37.07597911958131
-16.14462054160843 15.825303878416 37.07597911958131
-9.856432261946598 23.36322818552466 37.07597911958131
-14.81243963526749 23.38045648602151 37.07597911958129
-18.57108678331041 20.14671192170811 37.07597911958133
-14.81443407150066 23.3793372172847 37.07597911958133
-18.72571003669375 26.4230563605126 37.07597911958134
-22.48236274850349 23.19043106493601 37.07597911958133
-18.00373773828286 31.32622491758631 37.07597911958135
-21.76039045009259 28.09359962200972 37.07597911958135
-19.13988568728937 36.15027650693703 37.07597911958137
-22.8965383990991 32.91765121136045 37.07597911958137
-23.42947112373527 38.63256631318053 37.07597911958138
-27.18612383554501 35.39994101760394 37.07597911958138
-28.34973664187349 39.22695097799708 37.07597911958141
-32.10638935368323 35.99432568242049 37.07597911958141
-26.1766604554426 43.68116760796872 37.07597911958142
-29.93331316725234 40.44854231239213 37.07597911958142
-27.9915630194033 48.29293891431923 37.07597911958144
-31.74821573121304 45.06031361874264 37.07597911958144
-31.46463503107438 51.82848366732351 37.07597911958146
-35.22128774288412 48.59585837174694 37.07597911958145
-36.42064240439527 51.84571196782036 37.07597911958146
-40.17729511620501 48.61308667224376 37.07597911958147
-32.42717267668893 56.6901528435966 37.07597911958148
-37.38318005000981 56.70738114409345 37.07597911958149
-37.38542343691692 56.70693644916613 37.07597911958148
-41.14207614872667 53.47431115358954 37.07597911958147
-44.89279530756581 56.71381909311771 37.07597911958148
-41.13614259575607 59.9464443886943 37.07597911958148
-43.93206581477241 61.57584590715587 37.07597911958147
-40.17541310296267 64.80847120273248 37.07597911958148
-44.83842750922797 66.48734062758697 37.07597911958148
-48.5950802210377 63.2547153320104 37.07597911958148
-51.02154646273969 67.57612337530249 37.07597911958146
-47.26489375092996 70.8087486708791 37.07597911958147
-51.99334773748932 69.32415148788967 37.07597911958145
-55.75000044929905 66.09152619231307 37.07597911958144
-49.65466769427918 75.15055548353651 37.07597911958145
-54.38312168083852 73.66595830054709 37.07597911958144
-54.4198139791913 73.64555953118176 37.07597911958143
-58.17646669100105 70.41293423560518 37.07597911958143
-59.0828283854566 75.3244289560363 37.0759791195814
-62.83948109726634 72.0918036604597 37.07597911958141
-58.12209889266321 80.18645577007445 37.07597911958139
-61.87875160447294 76.95383047449785 37.07597911958139
-65.6294707633121 80.19333841402602 37.07597911958137
-61.87281805150236 83.42596370960261 37.07597911958136
-62.83759908402402 88.28718819094838 37.07597911958134
-66.59425179583374 85.05456289537179 37.07597911958134
-48.59954107726542 63.24227339515674 37.07597911958148
-49.56027057005881 58.38024658111858 37.07597911958148
-44.90142153299539 56.70380464027232 37.07597911958148
-43.93664050047374 51.84258015892653 37.07597911958147
-33.93034832424802 40.60252268042797 37.07597911958143
-31.75727213781711 45.05673931039963 37.07597911958146
-35.24718890336685 48.57565773347851 37.07597911958148
-37.42026508979775 44.12144110350686 37.07597911958145
-40.20163212627565 48.44996664500406 37.07597911958147
-42.37470831270656 43.99575001503242 37.07597911958144
-35.60321236421387 39.50638131007965 37.07597911958144
-37.42717133477866 44.11457830808715 37.07597911958148
-27.81796210226388 33.50236877794882 37.07597911958138
-32.10754753870978 35.9846585841923 37.07597911958141
-27.82562361088265 33.43381482275301 37.07597911958138
-26.68947566187614 28.60976323340227 37.07597911958136
-32.15409293115244 35.84766221690042 37.0759791195814
-31.01794498214594 31.02361062754968 37.07597911958139
-26.70046854894498 28.49100907834928 37.07597911958136
-27.42244084735587 23.58784052127556 37.07597911958135
-31.81421291670535 25.88449983202036 37.07597911958136
-31.09224061829446 30.78766838909408 37.07597911958137
-32.36702322825761 35.57695175887756 37.0759791195814
-33.08899552666852 30.67378320180384 37.07597911958138
-22.50800478102232 23.15719071718916 37.07597911958134
-20.08153853932034 18.83578267389705 37.07597911958133
-6.596965604405842 13.96172378037525 37.07597911958135
-6.742904507370183 9.007835637173937 37.07597911958134
-11.22635716619247 15.73119818437428 37.07597911958135
-11.37229606915682 10.77731004117296 37.07597911958135
-16.32503757198171 10.59659616526717 37.07597911958135
-16.17909866901737 15.55048430846849 37.07597911958135
-11.37576330067758 10.76821210259927 37.07597911958135
-9.551804330112798 6.16001510459178 37.07597911958135
-5.868966302907271 -0.4644919555775351 37.07597911958133
-2.917598980824049 -4.44591592557725 37.07597911958133
-7.714148527357467 0.3070665701177022 37.07597911958133
-8.66416929345935 -4.557064024626258 37.07597911958132
-12.62114671197403 -0.3884006936113384 37.07597911958133
-9.825943721421954 3.70417137543739 37.07597911958133
-9.701270640759365 5.700281748878234 37.07597911958135
-14.60826882537593 5.004814485149192 37.07597911958138
-16.881163466369 9.408932540979897 37.07597911958139
-11.97416528175242 10.10439980470894 37.07597911958138
-14.61081473416549 4.995417010533938 37.07597911958134
-17.40601772471757 0.9028449414852122 37.07597911958134
-16.95337105677927 9.362880321671335 37.07597911958134
-19.74857404733135 5.270308252622609 37.07597911958134
-17.5211601653917 14.28628579216532 37.07597911958134
-20.31636315594378 10.19371372311659 37.07597911958134
-24.88062035760644 12.12499881233039 37.07597911958137
-22.08541736705436 16.21757088137912 37.07597911958136
-25.5448759892647 19.76643717076841 37.07597911958139
-28.34007897981678 15.67386510171968 37.07597911958139
-30.33746493333299 18.50413882570753 37.07597911958143
-33.13266792388507 14.4115667566588 37.07597911958143
-38.05308759855428 15.0046739340534 37.07597911958149
-35.25788460800221 19.09724600310212 37.07597911958149
-40.99662764554392 18.99188823610908 37.07597911958155
-38.20142465499187 23.0844603051578 37.07597911958154
-39.33882505270197 27.90821674946942 37.07597911958159
-42.13402804325406 23.8156446804207 37.07597911958158
-43.52400821915483 25.25368331363013 37.0759791195816
-46.31921120970691 21.1611112445814 37.0759791195816
-44.12115015665594 29.20885985918122 37.07597911958163
-48.30633332310878 26.55432642334192 37.07597911958165
-48.00604793117515 32.28617608932151 37.0759791195817
-52.19123109762799 29.63164265348222 37.0759791195817
-48.30887923189834 26.54492894872666 37.07597911958165
-51.10408222245041 22.45235687967793 37.07597911958165
-52.20842874662191 29.60365735788105 37.07597911958171
-55.00363173717399 25.51108528883232 37.07597911958171
-52.77621785523433 34.52706282837502 37.07597911958175
-55.57142084578642 30.43449075932631 37.07597911958175
-57.71453947848133 34.94573387361255 37.0759791195818
-60.5097424690334 30.85316180456381 37.0759791195818
-61.3507349256569 38.31328321529838 37.07597911958182
-64.14593791620898 34.22071114624964 37.07597911958182
-66.07590829962032 36.81827736757195 37.07597911958185
-68.87111129017241 32.72570529852323 37.07597911958186
-71.05769785056663 37.17330522574829 37.07597911958188
-68.26249486001456 41.26587729479702 37.07597911958188
-75.6219550522293 39.10459031496207 37.07597911958191
-72.82675206167721 43.19716238401081 37.0759791195819
-75.62284578641699 39.10248386510501 37.07597911958192
-73.43625922602274 34.65488393787996 37.0759791195819
-78.01823922634657 32.76603106500143 37.07597911958194
-80.2048257867408 37.21363099222648 37.07597911958197
-80.32254758840156 40.67573173850955 37.07597911958197
-84.9045275887254 38.78687886563102 37.07597911958203
-65.23091195231784 29.34555953312327 37.07597911958182
-68.86710739949342 32.7131088748091 37.07597911958186
-60.50993514519337 30.85088289818338 37.07597911958182
-59.94214603658094 25.92747742768939 37.07597911958179
-64.65624278823063 24.39790307028308 37.07597911958185
-65.22403189684306 29.32130854077706 37.07597911958189
-68.87741776024819 32.67020054139766 37.07597911958199
-68.30962865163576 27.74679507090366 37.07597911958195
-73.50795491663641 34.43667486672966 37.07597911958211
-72.94016580802398 29.51326939623568 37.07597911958207
-77.4018294057948 27.35552431419383 37.07597911958217
-77.96961851440723 32.27892978468781 37.0759791195822
-46.31398825439044 21.15289449835973 37.0759791195816
-45.17658785668031 16.32913805404811 37.07597911958156
-49.98136353025011 17.54422513957766 37.07597911958161
-51.11876392796025 22.36798158388927 37.07597911958165
-55.13735903154508 25.26853313354206 37.07597911958169
-53.99995863383494 20.44477668923043 37.07597911958165
-59.64120316554627 23.20027446611864 37.07597911958171
-58.50380276783614 18.376518021807 37.07597911958168
-60.09195028620105 25.14881931631362 37.07597911958173
-64.59579442020225 23.08056064889021 37.07597911958173
-64.59460260837693 23.0385962099615 37.07597911958177
-63.45720221066681 18.21483976564988 37.07597911958172
-45.16908608937503 16.31739829721387 37.07597911958159
-42.22554604238537 12.33018399515819 37.07597911958152
-47.06123888641837 13.41571640688869 37.0759791195816
-50.00477893340801 17.40293070894437 37.07597911958165
-37.23956413550628 11.63745259070955 37.07597911958145
-42.1599838101755 12.23055976810414 37.0759791195815
-29.67262628507924 10.86048899037777 37.0759791195814
-33.13208490728957 14.40935527976705 37.07597911958144
-24.88151109179412 12.12289236247334 37.0759791195814
-24.3137219831817 7.199486891979347 37.07597911958139
-29.66757570133981 10.83607790342988 37.07597911958144
-29.09978659272738 5.91267243293589 37.07597911958143
-33.15293450884976 14.35951087166724 37.07597911958148
-32.58514540023732 9.436105401173252 37.07597911958147
-37.15912296885676 11.44184743637252 37.07597911958151
-36.59133386024432 6.51844196587854 37.0759791195815
-42.09763726826372 11.85823957522961 37.07597911958153
-41.52984815965129 6.934834104735627 37.07597911958151
-12.61977098498593 -0.3980392389353673 37.07597911958133
-13.56979175108781 -5.262169833679327 37.07597911958133
-18.36077467727574 -3.993789567463889 37.07597911958135
-17.41075391117388 0.8703410272800811 37.07597911958136
-19.8782769586544 5.16843780479701 37.07597911958138
-20.82829772475628 0.3043072100530404 37.07597911958138
-25.52999256782006 -1.262974354139013 37.0759791195814
-24.57997180171819 3.60115624060495 37.07597911958139
-24.54497700392313 6.837034995924261 37.07597911958138
-29.24667184698693 5.269753431732203 37.07597911958142
-29.2511052947058 5.257301702041961 37.07597911958143
-30.20112606080767 0.3931711072979984 37.07597911958143
-33.95065128118489 -2.847718665666246 37.07597911958144
-33.00063051508302 2.016411929077718 37.07597911958144
-36.75847411960182 5.247652765463348 37.07597911958148
-33.00894889922461 8.488542538427595 37.07597911958145
-36.76707827185042 5.237619341569302 37.07597911958148
-37.71709903795231 0.3734887468253373 37.07597911958148
-42.67304564916049 0.3435039906456222 37.07597911958153
-41.72302488305862 5.207634585389589 37.07597911958152
-42.77289832488568 10.05119439764494 37.07597911958154
-43.72291909098757 5.187063802900981 37.07597911958154
-47.72884493609388 10.02120964146523 37.0759791195816
-48.67886570219575 5.157079046721267 37.0759791195816
-51.49529269286129 13.24241705395682 37.07597911958164
-52.44531345896316 8.378286459212847 37.07597911958163
-55.24481791323851 10.00152728099257 37.07597911958167
-56.19483867934039 5.137396686248611 37.07597911958167
-56.16199273813002 14.91101424508407 37.07597911958169
-59.91151795850725 11.67012447211982 37.07597911958172
-60.86597217232799 6.793542147685613 37.0759791195817
-59.91595140622611 11.65767274242958 37.07597911958171
-64.6176462492899 10.09039117823751 37.07597911958173
-65.56766701539178 5.22626058349355 37.07597911958174
-68.0351900628723 9.524357361010487 37.07597911958175
-67.08516929677045 14.38848795575445 37.07597911958174
-71.87615222295838 15.65686822196987 37.07597911958176
-72.82617298906027 10.79273762722591 37.07597911958175
-76.78177468058684 14.95176241291681 37.07597911958175
-77.73179544668869 10.08763181817285 37.07597911958174
-79.57697767113892 10.85919034386808 37.07597911958174
-80.52699843724078 5.995059749124121 37.07597911958175
-82.52834499322215 14.84061431386779 37.07597911958175
-83.47836575932402 9.976483719123838 37.07597911958175
-86.80814433151174 17.33973886513069 37.07597911958177
-87.75816509761361 12.47560827038674 37.07597911958179
-92.51236121272811 11.07563498572041 37.07597911958183
-91.56234044662624 15.93976558046437 37.07597911958182
-95.46576907587421 12.88598909304488 37.07597911958185
-96.41578984197609 8.021858498300915 37.07597911958185
-96.14191935164638 17.83443255685978 37.07597911958187
-100.0453479808944 14.78065606944029 37.07597911958192
-100.9962425815809 9.914411958310778 37.07597911958186
-100.0462218154791 14.77854255305474 37.07597911958186
-105.0021684266873 14.74855779687502 37.07597911958189
-105.9521891927891 9.884427202131056 37.07597911958191
-107.4696914741678 19.04665457439196 37.07597911958192
-108.4197122402697 14.18252397964799 37.07597911958192
-105.9517573980811 9.842448063224245 37.07597911958189
-101.3713046584763 7.949894603214384 37.07597911958186
-87.76306641474058 12.4671957041237 37.07597911958176
-84.81169909265735 8.485771734123974 37.07597911958175
-92.49442779517162 10.99189051992805 37.07597911958178
-89.54306047308839 7.010466549928328 37.07597911958176
-96.27278336010824 7.784658828318962 37.0759791195818
-93.32141603802501 3.803234858319248 37.0759791195818
-89.54015307921669 7.001174551134534 37.07597911958175
-85.25545242380012 4.510462566134681 37.07597911958175
-75.61333065339818 6.694682228274921 37.07597911958173
-80.51895311102663 5.989576419221856 37.07597911958175
-75.60179960564737 6.686863446976099 37.07597911958175
-70.81081667945945 5.418483180760665 37.07597911958173
-80.50399881776801 5.95833837298551 37.07597911958175
-75.71301589158006 4.689958106770074 37.07597911958173
-70.71121660683326 5.352884259722936 37.07597911958176
-68.24369355935272 1.054787482206014 37.07597911958175
-75.58221494473666 4.438728315208259 37.07597911958178
-73.11469189725614 0.1406315376913292 37.07597911958177
-80.42003100569144 5.514758825517886 37.0759791195818
-77.95250795821089 1.216662048000946 37.07597911958177
-65.56347045341633 5.213727032578467 37.07597911958176
-60.89233696042872 3.557581571141462 37.0759791195817
-56.1861820956549 5.127408463691467 37.07597911958165
-52.41973433888748 1.906201051199879 37.07597911958161
-48.67843390748777 5.115099907814451 37.0759791195816
-47.6285604656607 0.2715400955590921 37.07597911958157
-52.37782551271899 1.817099354464911 37.07597911958162
-51.32795207089191 -3.026460457790447 37.07597911958161
-56.1932215261369 4.980176836845578 37.07597911958168
-55.14334808430984 0.1366170245902119 37.07597911958166
-60.82930030150789 3.228297991918293 37.07597911958172
-59.77942685968082 -1.615261820337075 37.07597911958172
-64.51236542776172 -0.1450242852695861 37.07597911958177
-65.56223886958881 4.698535526985766 37.07597911958178
-67.94082930501951 0.350591939584195 37.0759791195818
-66.89095586319245 -4.492967872671169 37.07597911958178
-71.65483492575018 -5.859628831385147 37.07597911958183
-72.70470836757728 -1.016069019129779 37.07597911958185
-77.62379671173325 -0.4120195500149162 37.0759791195819
-76.57392326990616 -5.255579362270277 37.07597911958188
-80.50259125397164 3.622190147351794 37.07597911958194
-79.45271781214456 -1.221369664903579 37.07597911958192
-83.37143745580464 -0.4191001625588248 37.07597911958197
-82.32156401397755 -5.262659974814184 37.07597911958195
-84.7351521743436 1.043870160598924 37.07597911958199
-87.60399837617659 -2.997420149311688 37.07597911958202
-89.4958590769626 2.421540544291902 37.07597911958202
-92.3647052787956 -1.619749765618707 37.07597911958208
-87.59892505214624 -3.00573011706085 37.07597911958199
-86.54905161031917 -7.849289929316203 37.07597911958197
-92.38091230395865 -1.703845397796997 37.07597911958202
-91.33103886213156 -6.547405210052363 37.07597911958201
-96.34633030049056 1.268992642111958 37.07597911958206
-95.29645685866349 -3.574567170143403 37.07597911958203
-100.8868846683021 -0.717378907144706 37.07597911958204
-99.83701122647506 -5.560938719400077 37.07597911958203
-105.8423994848023 -0.7893428022312391 37.07597911958204
-104.7925260429752 -5.632902614486607 37.07597911958202
-59.77473822171019 -1.627619720843847 37.07597911958171
-55.95934220829226 -4.7906972032245 37.07597911958165
-42.6730312845658 0.3412169987235092 37.0759791195815
-38.90658352779838 -2.879990413768074 37.07597911958145
-46.13535545931665 -3.204853672834641 37.07597911958148
-42.36890770254923 -6.426061085326217 37.07597911958145
-47.61188032344364 -0.07118580185424683 37.0759791195815
-51.0742044981945 -3.617256473412393 37.07597911958152
-52.98568012498125 -8.189845108633058 37.07597911958149
-48.04683108610341 -7.777442308055301 37.07597911958146
-57.42477432162599 -10.39364832400054 37.0759791195815
-55.51329869483924 -5.821059688779872 37.07597911958153
-61.52942833665075 -7.616217619970243 37.07597911958157
-59.61795270986397 -3.043628984749577 37.07597911958159
-66.38958939866626 -6.646093736119719 37.07597911958162
-64.47811377187949 -2.073505100899045 37.07597911958164
-66.39763263601655 -6.687297387450093 37.07597911958162
-62.2929786209918 -9.464728091480396 37.07597911958157
-68.30910826280331 -11.25988602267076 37.07597911958158
-64.20445424777856 -14.03731672670107 37.07597911958155
-70.8367268326613 -8.891100602817577 37.07597911958163
-72.74820245944805 -13.46368923803825 37.07597911958162
-75.77557587153916 -9.303503403395341 37.07597911958169
-77.6870514983259 -13.87609203861602 37.07597911958167
-79.46342371799047 -5.992599575107143 37.07597911958177
-81.37489934477723 -10.56518821032781 37.07597911958175
-84.92154736236292 -14.02692097559213 37.07597911958176
-81.2336995159116 -17.33782480388034 37.07597911958169
-89.87682121293435 -13.93993267412536 37.07597911958184
-86.18897336648301 -17.25083650241355 37.07597911958175
-81.14937567307676 -17.42216271017416 37.0759791195817
-76.2105266341989 -17.00975990959639 37.07597911958162
-68.64253099407088 -16.24316819331625 37.07597911958154
-72.74718500909563 -13.46573748928596 37.0759791195816
-44.16980327698405 -11.04332012383922 37.07597911958143
-47.93625103375147 -7.822112711347645 37.07597911958146
-29.2708612045118 -4.513852349660404 37.07597911958143
-33.9419946974994 -2.857706888223392 37.07597911958147
-25.52926882186979 -1.265143854125847 37.07597911958141
-23.06174577438927 -5.563240631642778 37.0759791195814
-29.25495620369081 -4.53340936226449 37.07597911958145
-26.78743315621027 -8.831506139781423 37.07597911958145
-33.93450609530365 -2.901196535867352 37.0759791195815
-31.46698304782311 -7.199293313384283 37.07597911958148
-38.88619464161379 -3.10876926791547 37.07597911958155
-36.41867159413326 -7.406866045432407 37.07597911958153
-42.13172012069629 -6.854282619029741 37.0759791195816
-39.66419707321576 -11.15237939654667 37.07597911958157
-43.6418460459568 -11.5746454852303 37.0759791195816
-41.17432299847626 -15.87274226274724 37.07597911958159
-47.60726404248874 -8.601807445321347 37.07597911958162
-45.1397409950082 -12.89990422283827 37.07597911958162
-52.47826238039212 -9.515963389836024 37.07597911958168
-50.01073933291158 -13.81406016735296 37.07597911958167
-56.60447599496395 -12.26126248204275 37.07597911958172
-54.13695294748341 -16.55935925955968 37.07597911958173
-55.08697371358529 -21.42348985430365 37.07597911958177
-57.55449676106583 -17.12539307678671 37.07597911958177
-61.56042260617213 -12.29124723822246 37.07597911958177
-62.510443372274 -17.15537783296643 37.07597911958182
-62.51042900767931 -17.15766482488854 37.07597911958184
-60.04290596019879 -21.45576160240548 37.07597911958182
-66.39817460345938 -20.23138245688433 37.0759791195819
-63.93065155597884 -24.52947923440127 37.07597911958189
-70.99236611973006 -18.37242839328417 37.07597911958197
-68.52484307224952 -22.67052517080111 37.07597911958196
-73.51914752788932 -22.63595763724743 37.07597911958204
-71.05162448040876 -26.93405441476438 37.07597911958204
-78.22011862500285 -24.20540870142631 37.07597911958211
-75.75259557752233 -28.50350547894325 37.07597911958209
-46.04351606096113 -16.79646560823461 37.07597911958164
-50.00893405749306 -13.82362756832566 37.07597911958166
-54.12199016114515 -16.58860051339392 37.07597911958172
-50.15657216461322 -19.56143855330288 37.07597911958167
-8.6561239672452 -4.562547354528526 37.07597911958131
-5.704756645161982 -8.543971324528249 37.07597911958131
-10.59856149555021 -9.326901707809968 37.0759791195813
-13.54992881763343 -5.345477737810259 37.07597911958128
-18.38774487858819 -4.269447227500624 37.07597911958126
-15.43637755650498 -8.25087119750034 37.07597911958128
-21.70738565169932 -7.949432422613118 37.07597911958126
-18.7560183296161 -11.93085639261284 37.07597911958126
-22.89158901258939 -6.337705894924037 37.07597911958125
-26.21122978570052 -10.01769109003653 37.07597911958125
-26.19354865446634 -10.05576748887239 37.07597911958126
-23.24218133238312 -14.03719145887212 37.07597911958125
-26.57053084437394 -14.99744638649833 37.07597911958124
-23.61916352229073 -18.97887035649805 37.07597911958123
-31.09966017282157 -9.354072634814552 37.07597911958125
-31.47664236272918 -14.29575153244049 37.07597911958124
-35.889760060686 -10.62578367236604 37.07597911958125
-36.2667422505936 -15.56746256999198 37.07597911958124
-38.18923529020969 -15.01608201844186 37.07597911958124
-38.56621748011729 -19.95776091606779 37.07597911958123
-38.55758822179689 -19.96226980523799 37.07597911958124
-33.76748833393247 -18.6905587676865 37.07597911958123
-33.75512504869034 -18.69698119567374 37.07597911958124
-28.8490135303351 -19.39867604973157 37.07597911958124
-33.63298560838297 -20.69324820114204 37.07597911958123
-38.5390971267382 -19.99155334708421 37.07597911958123
-25.79108317014856 -23.43365104043728 37.07597911958123
-28.74245049223179 -19.45222707043755 37.07597911958122
-30.52244455057964 -24.9089562246329 37.07597911958121
-33.47381187266285 -20.92753225463319 37.07597911958121
-38.40403291877215 -20.42233295212954 37.07597911958121
-35.45266559668892 -24.40375692212925 37.07597911958121
-37.26663252106202 -25.24608939644115 37.07597911958121
-34.31526519897879 -29.22751336644088 37.07597911958121
-41.19923590932423 -24.51490502117826 37.07597911958121
-40.06183551161411 -29.33866146548989 37.07597911958121
-42.589216085225 -23.07686638796882 37.07597911958121
-45.38441907577708 -27.16943845701756 37.0759791195812
-45.37919612046062 -27.17765520323923 37.07597911958118
-44.2417957227505 -32.00141164755085 37.07597911958119
-50.18397179403045 -25.96256811770966 37.07597911958117
-49.04657139632032 -30.78632456202129 37.07597911958116
-40.05379018539996 -29.34414479539216 37.07597911958121
-37.10242286331673 -33.32556876539189 37.07597911958121
-41.26961917147197 -36.00825041404987 37.07597911958123
-44.22098649355519 -32.02682644405015 37.07597911958122
-49.05880255450996 -30.95079593374052 37.07597911958123
-46.10743523242673 -34.93221990374025 37.07597911958123
-51.07177030475543 -35.4796221321302 37.07597911958124
-48.12040298267221 -39.46104610212992 37.07597911958125
-53.43773925006052 -33.27183434684568 37.07597911958125
-55.450707000306 -37.80066054523535 37.07597911958128
-55.44450136401275 -37.81233063988581 37.07597911958125
-52.49313404192953 -41.79375460988554 37.07597911958126
-52.62816391096703 -46.74795210627352 37.07597911958129
-55.57953123305024 -42.7665281362738 37.07597911958128
-60.49957740014624 -43.36272576491135 37.07597911958131
-60.36454753110877 -38.40852826852337 37.07597911958128
-57.54660255938518 -47.35726906853192 37.07597911958129
-60.49796988146839 -43.3758450985322 37.07597911958128
-63.81761065457954 -47.05583029364469 37.07597911958128
-60.86624333249632 -51.0372542636444 37.0759791195813
-68.1023113099961 -44.56511830864481 37.07597911958126
-65.15094398791288 -48.54654227864454 37.07597911958127
-71.42195208310723 -48.24510350375731 37.07597911958126
-68.47058476102403 -52.22652747375702 37.07597911958127
-73.38902340944217 -52.83584443601543 37.07597911958126
-76.34039073152539 -48.8544204660157 37.07597911958128
-73.52405327847964 -57.79004193240339 37.07597911958128
-76.47542060056287 -53.80861796240366 37.07597911958128
-80.71932742707595 -51.17545887912085 37.07597911958129
-80.85435729611343 -56.12965637550881 37.07597911958129
-80.84815165982019 -56.14132647015927 37.0759791195813
-77.89678433773696 -60.122750440159 37.07597911958131
-82.86111941006568 -60.67015266854895 37.07597911958133
-79.90975208798247 -64.65157663854868 37.07597911958133
-87.69893547102045 -59.59412215823931 37.07597911958133
-84.74756814893722 -63.57554612823905 37.07597911958133
-91.86613177917569 -62.27680380689731 37.07597911958133
-88.91476445709247 -66.25822777689702 37.07597911958133
-94.65328944351361 -66.3748592058483 37.07597911958133
-91.7019221214304 -70.35628317584802 37.07597911958133
-75.52493577523896 -62.32422048346544 37.07597911958131
-79.89766683449628 -64.65692899122105 37.07597911958133
-73.51084026495816 -57.79038443004729 37.07597911958129
-68.59240161654003 -57.18106746778889 37.07597911958128
-64.15459304769038 -54.7452270317931 37.07597911958128
-68.43929370310694 -52.25451504679324 37.07597911958127
-64.2136439300677 -59.70091254361078 37.07597911958133
-68.49834458548428 -57.2102005586109 37.07597911958131
-73.4068623226502 -57.89486070983653 37.07597911958133
-69.12216166723366 -60.38557269483639 37.07597911958135
-75.2392676694144 -62.49970560884226 37.07597911958137
-70.95456701399783 -64.99041759384212 37.07597911958138
-79.51638824733435 -65.00341195358052 37.07597911958139
-75.23168759191778 -67.4941239385804 37.0759791195814
-55.94610614683695 -50.42946880706134 37.07597911958131
-60.86454479525509 -51.03878576931973 37.07597911958132
-60.58055188925732 -55.98667965743941 37.07597911958135
-55.66211324083918 -55.37736269518102 37.07597911958132
-63.89025642412879 -54.96400869772108 37.07597911958135
-63.606263518131 -59.91190258584074 37.07597911958138
-48.24221983818822 -44.41558609616179 37.07597911958126
-52.61495089744555 -46.74829460391742 37.07597911958126
-43.28049681332554 -40.53800504407594 37.07597911958123
-48.11831287428031 -39.46197453376631 37.07597911958123
-48.21705306856378 -44.4170281432424 37.07597911958123
-43.37923700760901 -45.49305865355202 37.07597911958122
-47.73996993991575 -47.84812005229399 37.07597911958121
-52.57778600087051 -46.77208954198436 37.07597911958121
-55.76341401821264 -50.56867748826901 37.07597911958119
-50.92559795725789 -51.64470799857864 37.07597911958118
-50.34813782453294 -56.56698853648609 37.07597911958114
-55.1859538854877 -55.49095802617646 37.07597911958114
-34.30579103635448 -29.22526961438745 37.07597911958121
-29.37556999024521 -29.7304689168911 37.07597911958123
-37.02750980857842 -33.36707511726573 37.07597911958123
-32.09728876246915 -33.87227441976938 37.07597911958123
-36.15402201353872 -36.71924144248241 37.07597911958124
-41.084243059648 -36.21404213997876 37.07597911958122
-40.60514859618763 -41.14686834752253 37.07597911958128
-35.67492755007834 -41.65206765002618 37.07597911958128
-42.11475470158632 -45.86739748155951 37.07597911958131
-42.59384916504671 -40.93457127401575 37.07597911958126
-42.07471447207945 -45.88001550720005 37.07597911958133
-37.14449342597016 -46.3852148097037 37.07597911958133
-29.36202077707905 -29.72722588963131 37.07597911958121
-24.63065939664798 -28.25192070543567 37.07597911958122
-31.97145639030425 -33.94067479512204 37.07597911958118
-27.24009500987318 -32.4653696109264 37.07597911958121
-24.51505714316051 -28.2226032721053 37.07597911958123
-22.34313749530267 -23.76782258816608 37.07597911958123
-23.61688307108502 -18.97904379435957 37.07597911958118
-19.13072006831801 -16.8727087281003 37.0759791195812
-18.75431979237488 -11.93238789828817 37.07597911958128
-13.91650373142012 -13.0084184085978 37.07597911958129
-19.10600121877199 -16.87593177622394 37.07597911958126
-14.26818515781722 -17.95196228653358 37.07597911958127
-23.57661644864883 -19.01506836960508 37.07597911958123
-18.73880038769407 -20.09109887991471 37.07597911958124
-22.1319750268889 -23.75588233571727 37.07597911958121
-17.29415896593413 -24.8319128460269 37.07597911958123
-24.14285266874246 -28.28563696574332 37.07597911958119
-19.3050366077877 -29.36166747605295 37.07597911958121
-2.908041474416185 -4.447772872526624 37.07597911958133
1.376659181000373 -6.938484857526488 37.07597911958133
-5.675596670325248 -8.559091898866694 37.07597911958134
-1.390896014908684 -11.04980388386656 37.07597911958135
-10.54478973281011 -9.482815244354056 37.07597911958135
-6.260089077393551 -11.97352722935392 37.07597911958135
-10.60384061518741 -14.43850075617173 37.07597911958135
-6.319139959770849 -16.9292127411716 37.07597911958136
-13.64978302216425 -13.34562802415777 37.07597911958135
-13.70883390454156 -18.30131353597542 37.07597911958137
-13.6985209834271 -18.30958062065152 37.07597911958138
-9.413820328010543 -20.80029260565139 37.07597911958138
-7.579718326682775 -25.4044619930083 37.07597911958139
-11.86441898209933 -22.91375000800844 37.07597911958138
-17.98230357814108 -20.80187124976655 37.0759791195814
-16.14820157681331 -25.40604063712346 37.0759791195814
-16.14153956001928 -25.41745635274672 37.0759791195814
-11.85683890460272 -27.90816833774657 37.07597911958139
-13.45166896720518 -32.60059020392276 37.07597911958136
-17.73636962262174 -30.1098782189229 37.07597911958136
-22.65663514075996 -29.51549355410635 37.07597911958135
-18.3719344853434 -32.00620553910622 37.07597911958135
-24.25146520336243 -34.20791542028255 37.07597911958131
-19.96676454794587 -36.69862740528242 37.07597911958131
-24.24388512586583 -39.20233375002071 37.07597911958131
-28.52858578128238 -36.71162176502083 37.07597911958131
-26.69448377995461 -41.31579115237775 37.07597911958131
-22.40978312453806 -43.80650313737761 37.07597911958132
-31.63357907063654 -40.57443454482453 37.0759791195813
-29.79947706930876 -45.17860393218144 37.07597911958131
-29.7891641481943 -45.18687101685754 37.0759791195813
-25.50446349277775 -47.6775830018574 37.07597911958131
-29.84821503057161 -50.14255652867519 37.07597911958129
-25.56351437515505 -52.63326851367506 37.0759791195813
-34.71740809305646 -51.06627987416256 37.07597911958128
-30.43270743763991 -53.55699185916242 37.07597911958128
-37.48496328896553 -55.17759890050264 37.07597911958126
-33.20026263354897 -57.66831088550249 37.07597911958126
-34.14072589324299 -62.53429842719583 37.07597911958123
-38.42542654865955 -60.04358644219597 37.07597911958123
-31.18935857115978 -66.51572239719556 37.07597911958125
-35.47405922657633 -64.0250104121957 37.07597911958123
-40.20251321313567 -65.50960759518512 37.07597911958121
-35.91781255771912 -68.00031958018496 37.07597911958121
-39.68080857173243 -71.2255586251658 37.07597911958118
-43.96550922714899 -68.73484664016596 37.07597911958118
-44.19983560318049 -73.68534126679116 37.07597911958115
-39.91513494776392 -76.17605325179102 37.07597911958115
-42.59293276666725 -78.3736425767279 37.07597911958113
-38.30823211125069 -80.86435456172777 37.07597911958113
-45.88299323079831 -82.08009749229221 37.07597911958111
-47.48989606731154 -77.39179618235545 37.07597911958112
-41.59658182644473 -84.57232732987647 37.07597911958113
-45.88128248186128 -82.08161534487661 37.07597911958111
-43.1914118890472 -89.26474919605269 37.07597911958113
-47.47611254446376 -86.77403721105281 37.07597911958112
-48.06060495153207 -90.18847254154007 37.07597911958111
-52.34530560694862 -87.69776055654019 37.07597911958111
-56.53117783902713 -90.35120728776789 37.07597911958111
-52.24647718361059 -92.84191927276775 37.07597911958111
-57.47164109872116 -95.21719482946122 37.0759791195811
-53.18694044330461 -97.7079068144611 37.07597911958112
-56.42176765689408 -100.0607546417166 37.0759791195811
-52.13706700147751 -102.5514666267165 37.07597911958111
-52.12755376587808 -102.5493947847488 37.07597911958114
-51.18709050618408 -97.68340724305544 37.07597911958113
-51.11980836423919 -97.6681935366493 37.07597911958111
-46.93393613216068 -95.01474680542158 37.0759791195811
-51.98286898753651 -102.5485042090617 37.07597911958113
-47.79699675545799 -99.89505747783402 37.07597911958111
-46.81813149698811 -94.98623927341674 37.07597911958111
-41.94893843450324 -94.06251592792937 37.07597911958114
-42.68054170371917 -98.9642566957813 37.07597911958114
-47.54973476620403 -99.88798004126868 37.07597911958112
-51.6573510932927 -102.6610278245179 37.07597911958113
-46.78815803080785 -101.7373044790305 37.07597911958113
-39.86325697432251 -85.57011736641498 37.07597911958113
-43.15160668951655 -89.27809013456368 37.07597911958112
-34.9460112829695 -69.74834769277214 37.07597911958121
-39.67446526952885 -71.23294487576155 37.07597911958119
-39.83013589440242 -76.18653675997045 37.07597911958117
-35.10168190784309 -74.70193957698105 37.0759791195812
-38.03727801523621 -80.80692273127856 37.07597911958115
-33.30882402867687 -79.32232554828914 37.07597911958118
-31.33529747412411 -71.46961054039684 37.07597911958123
-35.09195018593386 -74.70223583597344 37.07597911958121
-31.18154268638305 -66.50991669948847 37.07597911958124
-30.24107942668902 -61.64392915779514 37.07597911958125
-30.2299152663176 -61.63559489559438 37.07597911958126
-27.46236007040854 -57.52427586925431 37.07597911958129
-31.14712977685125 -66.50601822836695 37.07597911958126
-28.37957458094218 -62.3946992020269 37.07597911958126
-27.36775845630118 -57.45165405767717 37.07597911958127
-22.49856539381633 -56.52793071218981 37.0759791195813
-28.09936172551711 -62.35339482552911 37.07597911958128
-23.23016866303225 -61.42967148004173 37.07597911958127
-25.83132184376493 -65.64823853878494 37.07597911958127
-30.7005149062498 -66.57196188427233 37.07597911958127
-22.45561729515306 -48.76232851036574 37.07597911958133
-25.55029766339274 -52.63340837484554 37.07597911958132
-22.39751061677222 -43.80159532889598 37.07597911958131
-18.12039003885225 -41.2978889841577 37.07597911958131
-19.92695934841523 -36.71196834379343 37.07597911958133
-15.00669383027701 -37.30635300860997 37.07597911958133
-18.02247685824914 -41.28747403643546 37.07597911958132
-13.10221134011092 -41.88185870125202 37.07597911958134
-22.26070509105205 -43.85646748629505 37.07597911958131
-17.34043957291382 -44.4508521511116 37.07597911958132
-22.12384972385901 -48.81061489096717 37.07597911958131
-17.20358420572078 -49.40499955578373 37.07597911958132
-25.06311818507989 -52.80097913644918 37.0759791195813
-20.14285266694167 -53.39536380126574 37.07597911958131
-21.73401631256336 -56.47240755344929 37.07597911958131
-16.81375079442513 -57.06679221826586 37.07597911958131
-22.00298901104242 -61.42114068286959 37.0759791195813
-17.08272349290421 -62.01552534768615 37.07597911958131
-19.2645458757505 -66.46546433473532 37.07597911958129
-24.18481139388873 -65.87107966991874 37.07597911958128
-28.93937082919153 -67.26981855724624 37.07597911958128
-24.0191053110533 -67.8642032220628 37.07597911958128
-21.14031076881491 -71.89841291942949 37.07597911958128
-26.06057628695313 -71.30402825461293 37.07597911958128
-27.88949738736444 -72.1133783695016 37.07597911958128
-25.01070284512604 -76.14758806686829 37.07597911958128
-30.75039886482661 -76.16029678170167 37.07597911958127
-27.87160432258822 -80.19450647906835 37.07597911958128
-25.00118960952662 -76.1455162249006 37.07597911958126
-20.0809240913884 -76.73990088971715 37.07597911958128
-27.7974550760336 -80.23736242674759 37.07597911958124
-22.87718955789538 -80.83174709156414 37.07597911958125
-31.90507140312228 -83.01041020999685 37.07597911958123
-26.98480588498406 -83.60479487481341 37.07597911958124
-31.51537083003043 -87.95110240462714 37.07597911958118
-26.5951053118922 -88.54548706944369 37.07597911958121
-33.07039569310224 -92.65686520931435 37.07597911958115
-28.15013017496403 -93.25124987413089 37.07597911958116
-29.74129382058571 -96.32829362631446 37.07597911958113
-24.8210283024475 -96.92267829113101 37.07597911958114
-23.07960108457256 -101.5626930695119 37.07597911958111
-27.99986660271077 -100.9683084046954 37.07597911958108
-30.18168898555707 -105.4182473917445 37.07597911958103
-25.26142346741885 -106.0126320565611 37.07597911958104
-33.93834169736681 -108.6508726873211 37.07597911958098
-29.01807617922859 -109.2452573521377 37.07597911958099
-26.59282539764772 -88.54530671027098 37.07597911958124
-22.48520907055904 -85.77225892702172 37.07597911958125
-17.19037229269166 -49.40461695277062 37.07597911958131
-12.95214405988876 -46.83562350291104 37.07597911958133
-13.44950340968562 -32.60132566229879 37.0759791195814
-9.172382831765663 -30.09761931756051 37.07597911958139
-11.23298929473022 -37.03408677439952 37.0759791195814
-6.955868716810256 -34.53038042966125 37.0759791195814
-12.4608938240091 -41.83560282307887 37.07597911958142
-14.67740793896452 -37.40284171097815 37.07597911958142
-7.538644233700948 -40.3377393694521 37.0759791195814
-8.76654876297985 -45.13925541813147 37.07597911958142
-8.13817895189197 -50.05529623155668 37.07597911958143
-11.83252401292123 -46.75164363650409 37.07597911958143
-15.8011129800955 -49.72024726588471 37.07597911958146
-12.10676791906623 -53.02389986093729 37.07597911958144
-18.30951920232152 -53.99461319816599 37.07597911958147
-14.61517414129225 -57.29826579321858 37.07597911958146
-14.57887738164296 -57.31936033727597 37.07597911958145
-10.61028841446869 -54.35075670789536 37.07597911958143
-6.915943353439427 -57.65440930294794 37.07597911958143
-10.8845323206137 -60.62301293232854 37.07597911958144
-10.25616250952582 -65.53905374575375 37.07597911958144
-13.95050757055508 -62.23540115070117 37.07597911958145
-15.17841209983397 -67.03691719938054 37.07597911958147
-11.48406703880471 -70.34056979443311 37.07597911958145
-15.82019395163394 -72.74063422994047 37.07597911958147
-19.5145390126632 -69.4369816348879 37.0759791195815
-13.71098364907958 -77.22544613216643 37.07597911958146
-9.374856736250353 -74.82538169665908 37.07597911958143
-15.41611477796754 -81.87892157875969 37.07597911958147
-11.07998786513831 -79.47885714325236 37.07597911958145
-6.856459835623473 -82.07194736201676 37.07597911958142
-11.1925867484527 -84.47201179752409 37.07597911958143
-9.46980229978713 -89.11898066358991 37.0759791195814
-13.69333032930197 -86.52589044482551 37.07597911958144
-16.88026142783872 -90.32138462502502 37.07597911958144
-12.65673339832388 -92.91447484378943 37.0759791195814
-12.83501195200338 -97.8673046062633 37.07597911958138
-17.05853998151822 -95.27421438749889 37.07597911958142
-9.634871333800964 -94.07226827009518 37.07597911958136
-12.82180243233771 -97.86776245029471 37.07597911958136
-9.457415252625081 -89.11436957981708 37.07597911958143
-5.121288339795854 -86.71430514430973 37.07597911958139
-8.039648394570406 -69.97181485785448 37.07597911958143
-9.267552923849308 -74.77333090653384 37.07597911958145
-10.25389399643932 -65.53876325174384 37.07597911958147
-6.285305029265055 -62.57015962236323 37.07597911958145
-7.460220685299754 -40.24788871578379 37.0759791195814
-3.183100107379808 -37.74418237104552 37.0759791195814
-7.567445818916939 -25.39955418452669 37.07597911958141
-4.472765450677243 -21.52847432004688 37.07597911958138
-1.447660016372006 -16.00551611793411 37.07597911958139
-6.316853078856862 -16.9292394634215 37.07597911958139
-4.44907793354074 -21.51985183055601 37.07597911958143
0.4201151289441207 -20.59612848506863 37.07597911958144
-2.6547091298302 -24.48299890693788 37.07597911958147
-7.523902192315061 -25.40672225242526 37.07597911958146
-8.949544553461696 -30.15328414045044 37.07597911958152
-4.080351490976845 -29.22956079496307 37.07597911958152
-6.473582578045215 -34.44652513008064 37.07597911958158
-1.604389515560367 -33.52280178459326 37.07597911958158
-2.508164581513286 -37.41936316998959 37.07597911958162
2.36102848097158 -36.4956398245022 37.07597911958162
-1.7465878461171 -39.26868760775147 37.07597911958164
-6.615780908601945 -40.19241095323885 37.07597911958162
-7.347384177817879 -45.09415172109078 37.07597911958169
-2.478191115333013 -44.17042837560339 37.07597911958169
-1.235717660789049 -48.96819510748007 37.07597911958175
-6.104910723273907 -49.89191845296745 37.07597911958175
-1.820210067857335 -52.38263043796731 37.07597911958179
3.048982994627509 -51.45890709247994 37.0759791195818
-3.415040130459796 -57.07505230414352 37.07597911958181
-7.699740785876359 -54.58434031914366 37.07597911958177
1.456318489544625 -56.15206441703215 37.07597911958183
-3.412874572940233 -57.07578776251953 37.07597911958183
3.087199090091979 -60.83207877229938 37.07597911958189
-1.781993972392877 -61.75580211778676 37.07597911958187
-5.043097160923359 -65.48776030250767 37.0759791195819
-0.1739040984385032 -64.56403695702031 37.07597911958192
-1.842288947521293 -69.27155901276788 37.07597911958197
3.026904114963564 -68.34783566728051 37.07597911958199
-1.899052948984611 -74.22727124683547 37.07597911958204
2.970140113500247 -73.30354790134808 37.07597911958205
7.807956174455003 -74.37957841165775 37.0759791195821
2.938763111970151 -75.30330175714509 37.07597911958209
-1.997793143268093 -79.18232485631157 37.07597911958212
2.840022917686673 -80.25835536662119 37.07597911958215
2.881999110506835 -80.25901399121267 37.07597911958216
7.751192172991692 -79.33529064572527 37.07597911958216
6.082807323908899 -84.04281270147288 37.0759791195822
10.95200038639375 -83.11908935598551 37.07597911958221
2.821704135378416 -87.77477088619379 37.07597911958223
7.690897197863262 -86.85104754070642 37.07597911958223
9.321777798410617 -91.53106189597366 37.07597911958229
4.452584735925756 -92.45478524146105 37.07597911958229
2.859920230842862 -97.14794256601328 37.07597911958236
7.72911329332772 -96.2242192205259 37.07597911958236
7.144620886259423 -99.63865455101315 37.07597911958241
12.01381394874428 -98.71493120552577 37.0759791195824
8.387094340803388 -104.4364212828898 37.07597911958246
13.25628740328824 -103.5126979374025 37.07597911958248
7.655491071587465 -109.3381620507418 37.07597911958255
12.52468413407232 -108.4144387052544 37.07597911958255
3.547874744498794 -112.111209833991 37.07597911958259
8.417067806983649 -111.1874864885036 37.07597911958258
9.334253302651337 -91.52669579646786 37.07597911958229
12.59535649118182 -87.79473761174695 37.07597911958225
3.036983885305279 -68.33928585670876 37.07597911958199
6.298087073835759 -64.60732767198783 37.07597911958197
4.692339099415589 -56.13455534824136 37.07597911958185
3.099674594332697 -60.82771267279357 37.07597911958189
-2.468560144527984 -44.17185616482519 37.07597911958171
1.639056182560679 -41.39880838157594 37.07597911958168
-1.203188628917923 -48.96363462654811 37.07597911958177
2.904427698170744 -46.19058684329886 37.07597911958175
3.151552810803687 -51.32975653632376 37.07597911958182
7.259169137892362 -48.5567087530745 37.0759791195818
2.913838792523837 -46.18809175135941 37.07597911958176
3.635811090934738 -41.2849231942857 37.07597911958169
-0.1091009518863433 -32.1946029623736 37.07597911958156
2.366861023530141 -36.48784395200379 37.07597911958163
1.357424768011449 -27.39248124655415 37.07597911958151
-0.06821759313517894 -32.13904313457935 37.07597911958155
2.475619445868711 -36.39241814952229 37.07597911958162
3.901261807015345 -31.64585626149709 37.07597911958156
1.426271695474588 -27.29509801654331 37.07597911958151
4.501095954248928 -23.40822759467406 37.0759791195815
4.083488493506198 -31.47857800179574 37.07597911958158
7.158312752280529 -27.59170757992649 37.07597911958156
2.795311604614612 -36.26427609106909 37.07597911958163
5.870135863388935 -32.37740566919985 37.0759791195816
0.4589337060212415 -20.58014247169019 37.07597911958143
0.5156977074845539 -15.62443023762263 37.0759791195814
3.393076063139166 -9.755231732456085 37.07597911958133
6.160631259048221 -5.643912706116009 37.07597911958131
0.8235723006419808 -15.48358736732299 37.07597911958133
5.607544378689838 -14.18901521591253 37.07597911958133
1.147184898796972 -20.42904799147768 37.07597911958136
5.931156976844832 -19.13447584006722 37.07597911958135
5.610347656638438 -22.58369044343256 37.07597911958137
10.39431973468629 -21.28911829202209 37.07597911958134
8.965066932878571 -26.23172614451498 37.07597911958136
13.74903901092643 -24.93715399310452 37.07597911958134
8.611688538480063 -31.17514900819166 37.07597911958138
13.39566061652791 -29.88057685678121 37.07597911958135
6.341856545102409 -35.58084629926698 37.0759791195814
11.12582862315027 -34.2862741478565 37.07597911958139
11.24796806345763 -36.28254115332481 37.0759791195814
16.03194014150549 -34.98796900191434 37.07597911958141
9.131862834547242 -39.67696285078345 37.07597911958141
14.03797435290245 -40.3786577048413 37.07597911958143
10.08526530709655 -44.54043173873638 37.07597911958145
14.99137682545178 -45.24212659279421 37.07597911958147
14.04601586471858 -40.37316878250444 37.07597911958143
18.82998794276645 -39.07859663109397 37.07597911958143
15.02263346209994 -45.2320291393406 37.07597911958147
19.80660554014779 -43.93745698793014 37.07597911958146
17.03905034423873 -48.04877601427022 37.0759791195815
12.25507826619087 -49.34334816568069 37.0759791195815
15.73675073413492 -52.8704238275725 37.07597911958157
20.52072281218278 -51.57585167616203 37.07597911958155
16.31252114326082 -57.79290230235775 37.07597911958165
21.09649322130867 -56.49833015094727 37.07597911958163
20.87564925194462 -59.72685363641166 37.07597911958169
25.65962132999248 -58.4322814850012 37.07597911958167
24.43171680071358 -63.23379753368057 37.07597911958176
19.64774472266572 -64.52836968509102 37.07597911958177
21.8622130382164 -68.96215316854747 37.07597911958185
26.64618511626425 -67.66758101713702 37.07597911958184
27.87613544494788 -62.86504259710193 37.07597911958175
26.64823091566898 -67.66655864578129 37.07597911958185
31.35842979718805 -69.20809437202496 37.07597911958186
32.58633432646694 -64.4065783233456 37.07597911958177
33.90849862516431 -73.45773610649303 37.07597911958194
29.19829974364525 -71.91620038024938 37.07597911958193
38.85525498689698 -73.15457377966698 37.07597911958192
36.30518615892071 -68.9049320451989 37.07597911958185
37.84541578151853 -76.46821600224933 37.07597911958199
42.79217214325119 -76.16505367542327 37.07597911958197
37.16500116209738 -81.37732405203059 37.07597911958207
42.11175752383003 -81.07416172520453 37.07597911958206
38.43978243356914 -86.16660777808545 37.07597911958214
43.3865387953018 -85.86344545125941 37.07597911958214
43.42706152768722 -85.85247536875981 37.07597911958214
44.10747614710837 -80.94336731897856 37.07597911958204
37.52436366219073 -63.98447385963988 37.07597911958175
36.29645913291184 -68.78598990831925 37.07597911958184
25.66476282886231 -58.42010503148114 37.07597911958167
25.0889924197364 -53.49762655669589 37.07597911958159
20.52235006288139 -51.5742446311853 37.07597911958156
23.28990525879045 -47.46292560484524 37.07597911958154
25.09952062358133 -53.47472234928956 37.0759791195816
27.86707581949039 -49.36340332294949 37.0759791195816
25.70048102919881 -58.39418903681059 37.07597911958165
28.46803622510787 -54.28287001047052 37.07597911958164
28.07242123559845 -62.7457641029233 37.07597911958172
30.83997643150752 -58.63444507658323 37.0759791195817
32.86588667292531 -64.00472994833052 37.07597911958176
35.63344186883437 -59.89341092199044 37.07597911958175
37.76808588504593 -63.27620487433991 37.0759791195818
40.535641080955 -59.16488584799986 37.0759791195818
39.61842657042134 -64.03530918077244 37.07597911958182
36.85087137451228 -68.14662820711251 37.07597911958184
39.82121874174366 -72.11391221720439 37.07597911958191
42.58877393765272 -68.00259319086433 37.07597911958189
44.10591939716021 -74.60462420220426 37.07597911958199
46.87347459306928 -70.49330517586419 37.07597911958197
42.59656200759538 -67.99675023379814 37.07597911958189
43.51377651812901 -63.12632690102555 37.07597911958185
16.03330916666664 -34.9783295024036 37.07597911958138
18.30314116004428 -30.57263221132831 37.07597911958134
21.1658053934747 -34.61830389664674 37.07597911958137
18.89597340009704 -39.02400118772205 37.0759791195814
20.06586051291655 -43.8399818814134 37.07597911958143
22.3356925062942 -39.43428459033811 37.0759791195814
27.10307350426768 -40.78867903765041 37.07597911958139
24.83324151089004 -45.19437632872571 37.07597911958142
23.90973296128539 -46.96839210058546 37.07597911958144
28.67711395925888 -48.32278654789776 37.07597911958143
28.70347580060825 -48.29011411501163 37.07597911958144
30.9733077939859 -43.88441682393633 37.0759791195814
33.30409258298936 -46.44711896569022 37.0759791195814
35.57392457636702 -42.04142167461493 37.07597911958136
34.84002042214276 -51.15914948041132 37.07597911958141
30.23940363976164 -53.00214462973272 37.07597911958145
33.49487994408358 -56.73901229272899 37.07597911958143
38.0954967264647 -54.89601714340759 37.0759791195814
38.44932910797166 -56.8644689832546 37.0759791195814
43.0499458903528 -55.02147383393321 37.07597911958137
39.79470648754442 -51.27487282318899 37.07597911958138
43.05018279186637 -55.01174048618528 37.07597911958137
39.79501222052365 -51.2609442579156 37.07597911958138
38.25908438137025 -46.54891374319453 37.07597911958137
43.0682971983217 -54.98222244596748 37.07597911958138
41.53236935916831 -50.27019193124639 37.07597911958136
40.52993112905973 -42.02395890232825 37.07597911958133
38.26009913568208 -46.42965619340356 37.07597911958137
41.67233516543966 -50.02395044624002 37.07597911958135
43.94216715881732 -45.61825315516472 37.07597911958133
43.39522234632381 -54.67088122479637 37.07597911958137
45.66505433970146 -50.26518393372105 37.07597911958133
27.10369800207947 -40.78647891472737 37.07597911958143
25.93381088925996 -35.97049822103602 37.07597911958139
18.30506720529851 -30.55883406823193 37.07597911958134
18.65844559969702 -25.61541120455524 37.07597911958131
21.27541457252989 -34.5261180783238 37.07597911958134
21.6287929669284 -29.58269521464712 37.07597911958132
25.75244879670538 -32.40044866510112 37.07597911958133
26.10582719110388 -27.45702580142444 37.07597911958133
26.10996963758185 -35.61670655329022 37.07597911958134
30.58700386175733 -33.49103714006754 37.07597911958135
32.03001780153136 -38.23234673430065 37.07597911958135
27.55298357735587 -40.35801614752333 37.07597911958136
36.08405171096065 -41.08315626142563 37.07597911958137
31.60701748678516 -43.20882567464831 37.07597911958137
36.09164022348362 -41.07233426952747 37.07597911958137
34.64862628370959 -36.33102467529437 37.07597911958136
30.94327359402059 -28.53471694347638 37.07597911958135
30.58989519962209 -33.47813980715307 37.07597911958136
18.67334451545975 -25.49708362865869 37.07597911958133
15.31862523921961 -21.84904792757627 37.07597911958132
10.39531355120787 -21.28705846991452 37.07597911958137
10.07170095305288 -16.34159784575985 37.07597911958136
5.609590178094567 -14.18799284455681 37.07597911958136
8.377145374003625 -10.07667381821674 37.07597911958133
10.08372380185508 -16.31976070609445 37.07597911958137
12.85127899776414 -12.20844167975438 37.07597911958135
10.44354978104436 -21.26271844043222 37.0759791195814
13.21110497695343 -17.15139941409215 37.07597911958138
15.38458111235375 -21.64809524534919 37.07597911958139
18.15213630826282 -17.53677621900912 37.07597911958137
18.86788083099641 -25.17356386226426 37.07597911958146
21.63543602690547 -21.06224483592419 37.07597911958143
23.03507713915165 -22.49088221360626 37.07597911958146
25.8026323350607 -18.37956318726619 37.07597911958144
22.32119247992646 -28.72841189756943 37.07597911958153
26.4883887880817 -26.04573024891143 37.07597911958154
29.28593205370336 -21.90503180418126 37.07597911958151
26.5183768577943 -26.01635083052133 37.07597911958153
31.45940818910368 -26.4017276354383 37.0759791195816
34.22696338501274 -22.29040860909823 37.07597911958158
31.81923416829298 -31.34468536977607 37.07597911958165
34.58678936420203 -27.233366343436 37.07597911958164
39.06092298796254 -29.36513420497362 37.07597911958171
36.29336779205347 -33.47645323131368 37.07597911958172
38.50988190700889 -37.90921434341441 37.0759791195818
41.27743710291795 -33.79789531707435 37.07597911958178
43.29385398505674 -36.61464219200396 37.07597911958184
46.0614091809658 -32.50332316566388 37.07597911958182
50.34610983638238 -34.99403515066375 37.07597911958189
47.5785546404733 -39.10535417700382 37.07597911958191
53.31645720361372 -38.96131916075563 37.07597911958197
50.54890200770466 -43.0726381870957 37.07597911958199
49.63168749717104 -47.94306151986829 37.07597911958203
52.39924269308008 -43.83174249352822 37.07597911958202
54.53388670929165 -47.2145364458777 37.07597911958209
57.30144190520071 -43.10321741953763 37.07597911958207
59.32486963547959 -48.48291671209313 37.07597911958217
54.42267042335897 -49.21144178608372 37.07597911958212
56.72519758674395 -53.60014029026732 37.07597911958221
61.62739679886457 -52.87161521627672 37.07597911958227
59.32735214661852 -48.47350229128492 37.07597911958218
62.09490734252758 -44.36218326494485 37.07597911958216
61.69929235301817 -52.82507735739762 37.07597911958228
64.46684754892722 -48.71375833105755 37.07597911958226
65.0678079545447 -53.63322501857857 37.07597911958234
62.30025275863565 -57.74454404491864 37.07597911958236
66.87742331933561 -59.6450217630229 37.07597911958248
69.64497851524467 -55.53370273668284 37.07597911958247
70.36072303797829 -63.17049037993799 37.0759791195826
73.12827823388733 -59.05917135359792 37.07597911958258
75.14469511602614 -61.87591822852752 37.07597911958267
77.9122503119352 -57.76459920218745 37.07597911958266
80.06900062055945 -62.43584786408168 37.07597911958277
82.83655581646852 -58.32452883774162 37.07597911958278
83.03934798779079 -66.40313187417357 37.0759791195829
85.80690318369987 -62.2918128478335 37.07597911958288
84.2092351006103 -71.21911256786491 37.075979119583
86.97679029651935 -67.10779354152484 37.07597911958297
69.64585503153877 -55.53159033104483 37.07597911958245
69.04489462592129 -50.6121236435238 37.07597911958236
38.70676638837733 -24.41023665632157 37.07597911958166
39.06659236756661 -29.35319439065933 37.07597911958172
17.79332053308198 -12.58063969417995 37.07597911958135
18.15314651227127 -17.52359742851772 37.07597911958138
12.85694837736822 -12.19650186544009 37.07597911958133
10.64043426241281 -7.763740753339349 37.07597911958132
6.128095849068931 -5.529174569448472 37.07597911958132
7.068559108762956 -0.6631870277551409 37.07597911958133
10.02551774644364 -2.467735618136003 37.07597911958131
10.96598100613766 2.398251923557333 37.07597911958133
14.60880992219606 -4.353402272249512 37.07597911958133
10.71138802482136 -7.414841223561985 37.07597911958132
13.16534100792378 -11.72070009903292 37.07597911958132
17.06276290529848 -8.659261147720454 37.07597911958132
18.12137714513393 -11.71727878112566 37.07597911958131
22.01879904250863 -8.655839829813186 37.07597911958133
22.76527774675791 -13.55533729821251 37.07597911958131
18.8678558493832 -16.61677624952498 37.07597911958131
22.63914100050672 -19.83231884878631 37.07597911958131
26.53656289788142 -16.77087989747384 37.07597911958131
25.79156765193908 -11.86964177119745 37.07597911958132
26.53804635618836 -16.76913923959678 37.07597911958131
31.47607569191216 -16.34703477589107 37.07597911958132
30.72959698766287 -11.44753730749175 37.07597911958132
30.54626244291459 -19.68401654419436 37.07597911958131
35.48429177863837 -19.26191208048866 37.07597911958132
39.91904799773366 -17.04939243629458 37.07597911958133
35.91083191100743 -14.134515131697 37.07597911958133
40.28469963272772 -20.49414190205057 37.07597911958132
44.71945585182299 -18.28162225785649 37.07597911958132
41.57716930875212 -25.2786824270442 37.07597911958133
46.01192552784741 -23.06616278285012 37.07597911958131
44.62246780888501 -29.18872883902417 37.0759791195813
49.0572240279803 -26.97620919483008 37.07597911958131
49.0902355060289 -26.95027317996516 37.07597911958131
47.79776583000449 -22.16573265497154 37.07597911958131
52.23252204909979 -19.95321301077745 37.07597911958131
53.5249917251242 -24.73775353577108 37.07597911958131
53.89064336011825 -28.18250300152707 37.07597911958132
58.32539957921354 -25.96998335733299 37.07597911958131
57.89885944684448 -31.09738030612466 37.07597911958131
62.33361566593977 -28.88486066193057 37.07597911958131
62.96198547702762 -33.80090147535579 37.07597911958133
58.52722925793235 -36.01342111954987 37.07597911958133
67.90874183876031 -33.49773914852976 37.07597911958132
67.28037202767243 -28.58169833510455 37.07597911958132
71.60308689978956 -36.80139174358235 37.07597911958131
70.97471708870168 -31.88535093015714 37.07597911958132
75.57304535061036 -33.8346197945601 37.07597911958132
74.94467553952249 -28.91857898113489 37.07597911958132
76.55777040563221 -36.91722462181444 37.07597911958131
80.52772885645304 -33.9504526727922 37.07597911958131
78.90740437785747 -41.28088433532489 37.07597911958131
82.8773628286783 -38.31411238630264 37.07597911958131
83.44399620506255 -43.27628917948189 37.07597911958131
87.41395465588339 -40.30951723045963 37.07597911958131
87.41926014177243 -40.2974113289882 37.07597911958131
85.06962616954718 -35.93375161547775 37.07597911958131
80.52802015520074 -33.93723843138399 37.07597911958129
79.89965034411287 -29.02119761795877 37.0759791195813
63.26342891493734 -25.54787889362729 37.0759791195813
67.27164500166357 -28.46275619822488 37.07597911958129
58.3259676988292 -25.96776800668451 37.07597911958131
57.03349802280478 -21.18322748169087 37.07597911958132
35.85630976229677 -14.02844568176709 37.07597911958131
35.10983105804749 -9.128948213367762 37.07597911958131
22.01877229300084 -8.642622405123838 37.07597911958133
19.56481930989842 -4.336763529652906 37.07597911958133
15.55014286274712 0.5147004984149482 37.07597911958134
14.6096796030531 -4.351287043278386 37.07597911958134
19.56555774533092 -4.311566297538562 37.07597911958137
20.50602100502493 0.5544212441547764 37.07597911958137
22.04151972074738 -8.60480728716875 37.07597911958138
22.9819829804414 -3.738819745475419 37.07597911958138
26.86608164861717 -6.817144522789254 37.0759791195814
25.92561838892316 -11.68313206448258 37.07597911958138
30.82984618712028 -10.96839043134542 37.0759791195814
31.7703094468143 -6.102402889652089 37.07597911958141
35.05733378346186 -8.381760476843406 37.07597911958141
35.99779704315587 -3.515772935150072 37.07597911958141
36.11672046088837 -13.22324844713108 37.07597911958143
37.05718372058239 -8.357260905437746 37.07597911958141
41.34188437599894 -10.84797289043761 37.07597911958143
40.40142111630492 -15.71396043213095 37.07597911958143
46.25925524188192 -11.46584801221742 37.07597911958144
45.3187919821879 -16.33183555391075 37.07597911958145
49.2162138795626 -13.27039660259827 37.07597911958145
50.15667713925662 -8.404409060904936 37.07597911958145
49.0900771333114 -19.54737815317208 37.07597911958145
52.98749903068611 -16.48593920185961 37.07597911958147
53.92944574868707 -11.6182110022892 37.07597911958147
52.98898248899305 -16.48419854398254 37.07597911958148
57.94042145721341 -16.69764184497322 37.07597911958148
58.88088471690743 -11.8316543032799 37.07597911958149
61.14407578513572 -16.24076669552401 37.07597911958148
60.20361252544171 -21.10675423721735 37.07597911958148
64.90221934260595 -19.53023913216857 37.07597911958149
65.84268260229996 -14.66425159047524 37.0759791195815
69.4863811992154 -21.41379055731096 37.0759791195815
70.42684445890941 -16.54780301561762 37.07597911958151
72.27353886355334 -17.31573515835997 37.07597911958152
73.21400212324735 -12.44974761666663 37.07597911958152
74.05442363812595 -23.33610535334749 37.07597911958152
76.84158130246389 -19.2380499543965 37.07597911958153
76.8577007201628 -19.19928658350236 37.07597911958154
77.79816397985681 -14.33329904180902 37.07597911958154
82.49677079702103 -12.75678393676025 37.07597911958155
81.556307537327 -17.62277147845358 37.07597911958153
83.8194986055553 -22.03188387069771 37.07597911958153
84.75996186524932 -17.16589632900437 37.07597911958154
88.77093757377568 -22.24532717168841 37.07597911958154
89.7114008334697 -17.37933962999507 37.07597911958155
92.54370618320613 -25.45912911307267 37.07597911958155
93.48416944290014 -20.59314157137933 37.07597911958155
96.44112808058084 -22.3976901617602 37.07597911958154
97.38159134027484 -17.53170262006687 37.07597911958154
101.3584989464638 -23.01556528354 37.07597911958153
102.2989622061579 -18.14957774184667 37.07597911958154
105.6431996018804 -25.50627726853987 37.07597911958151
106.5836628615744 -20.64028972684653 37.07597911958153
106.7025862793069 -30.34776523882755 37.0759791195815
107.6430495390009 -25.48177769713421 37.0759791195815
87.44876139638961 -12.95702130219032 37.07597911958155
89.71195246461789 -17.36613369443445 37.07597911958156
65.83846142603332 -14.65172630796821 37.07597911958148
63.57527035780502 -10.24261391572408 37.07597911958149
58.88143634805562 -11.81844836771928 37.0759791195815
55.10866773862517 -8.604646426335021 37.07597911958148
41.34676915702829 -10.83955071168123 37.07597911958143
40.2873824796018 -5.998062741393549 37.07597911958141
46.26703467516651 -11.43393537649779 37.07597911958146
45.20764799774002 -6.592447406210106 37.07597911958143
49.01516901259019 -3.419894866026834 37.07597911958144
50.07455569001669 -8.261382836314509 37.07597911958147
45.20880618276656 -6.58278030798192 37.07597911958143
40.91922074632067 -4.100490501738443 37.07597911958141
35.99270740383228 -3.507472950073886 37.07597911958146
31.08847960563516 -4.222214583211043 37.07597911958143
31.05195388069569 -4.163697791561537 37.07597911958143
27.16785521251992 -1.085373014247704 37.0759791195814
35.94421120666253 -3.37115495027604 37.07597911958145
32.06011253848676 -0.2928301729622005 37.07597911958142
27.10279544270264 -0.9854199289537418 37.07597911958138
24.62683346728616 3.307821060676446 37.07597911958138
29.49602652977102 4.231544406163825 37.07597911958138
31.9719885051875 -0.06169658346636542 37.0759791195814
33.46727706886151 1.266502238753299 37.0759791195814
35.94323904427797 -3.026738750876897 37.07597911958142
20.50550674236687 0.5963994537872299 37.07597911958136
15.92134488575741 2.47995087892962 37.07597911958134
7.048483821125453 -0.5971921316375171 37.07597911958133
4.097116499042228 3.384231838362204 37.07597911958133
10.82683938606207 2.610039559971553 37.07597911958135
7.875472063978846 6.591463529971278 37.07597911958135
11.20382157596966 7.55171845759749 37.07597911958137
8.252454253886437 11.53314242759722 37.07597911958135
15.74555868914499 3.21708677084433 37.0759791195814
16.1225408790526 8.15876566847027 37.07597911958141
20.89225870020505 6.81262384632458 37.07597911958146
20.51527651029745 1.870944948698645 37.07597911958148
24.0364322517816 5.358604356232904 37.0759791195815
24.41341444168921 10.30028325385883 37.0759791195815
28.97218086424362 12.24449378858483 37.07597911958153
28.59519867433602 7.302814890958896 37.07597911958153
33.13696275898298 5.319210873479618 37.07597911958157
33.51394494889058 10.26088977110555 37.07597911958157
36.53199495563481 1.708662122604407 37.07597911958161
36.90897714554242 6.650341020230353 37.0759791195816
38.83147018515851 6.098960468680231 37.07597911958162
39.2084523750661 11.04063936630617 37.07597911958162
41.32458389970313 2.970960467665277 37.07597911958166
43.62405912922681 7.361258813741091 37.07597911958169
46.22728845634061 2.245843974214032 37.07597911958175
48.5267636858643 6.636142320289841 37.07597911958177
43.62157007302293 7.370671506231718 37.07597911958168
43.99855226293052 12.31235040385766 37.07597911958167
48.52768159137815 6.668976652173874 37.07597911958175
48.90466378128575 11.61065554979981 37.07597911958175
51.85603110336898 7.62923157980008 37.0759791195818
51.47904891346136 2.687552682174159 37.0759791195818
55.96618343814096 4.791817317665011 37.07597911958185
56.34316562804857 9.733496215290957 37.07597911958185
61.17541024324377 8.632715638760835 37.0759791195819
60.79842805333617 3.6910367411349 37.07597911958192
64.14493311693175 7.346609166635206 37.07597911958194
64.52191530683933 12.28828806426114 37.07597911958194
68.26094786478436 4.586042468616708 37.07597911958199
68.63793005469196 9.527721366242641 37.07597911958199
73.17966716786729 5.193089679489487 37.07597911958208
73.5566493577749 10.13476857711542 37.07597911958208
73.5563687031101 10.13703832850104 37.07597911958204
69.44035395525746 12.89760502651954 37.07597911958199
76.58208033198379 14.06226125690238 37.07597911958207
72.46606558413117 16.82282795492088 37.07597911958201
78.41356292400691 11.12190897951856 37.07597911958209
81.4392745528806 15.0471319079199 37.07597911958213
82.8051257478055 19.8112432009179 37.07597911958214
77.94793152690869 18.82637254990039 37.07597911958208
85.59145415901052 17.75299783534271 37.07597911958217
86.95730535393545 22.51710912834071 37.07597911958219
89.99168210191685 15.47258121787664 37.07597911958224
91.35753329684178 20.23669251087465 37.07597911958226
94.93176008970248 15.0751703809022 37.07597911958231
96.29761128462742 19.83928167390021 37.07597911958233
96.3008003885394 19.8811417284423 37.07597911958233
91.90057244563307 22.16155834590836 37.07597911958226
77.83290099371067 18.85785856807711 37.07597911958205
73.71688624585803 21.61842526609561 37.07597911958199
64.51215422383905 12.29719998266383 37.07597911958193
59.67990960864384 13.39798055919395 37.07597911958189
56.34219410613598 9.735566646059366 37.07597911958189
53.39082678405276 13.71699061605909 37.07597911958183
59.66183487924711 13.41555184117186 37.07597911958197
56.7104675571639 17.39697581117158 37.07597911958192
61.54828361811866 16.32094530086194 37.07597911958205
64.49965094020187 12.33952133086223 37.07597911958209
66.4420884685069 17.10387568414368 37.07597911958218
69.3934557905901 13.12245171414396 37.07597911958224
72.18061345492802 17.22050711309496 37.07597911958234
69.22924613284481 21.20193108309467 37.07597911958229
73.13063422102989 22.08463770783891 37.07597911958241
70.17926689894669 26.06606167783863 37.07597911958236
77.41533487644647 19.59392572283905 37.0759791195825
74.46396755436324 23.57534969283878 37.07597911958245
79.1953289347943 25.0506548770344 37.07597911958258
82.14669625687752 21.06923090703469 37.07597911958262
85.92505182181414 24.27646259864376 37.07597911958273
82.97368449973091 28.25788656864347 37.07597911958269
74.90772088550604 27.55065886082806 37.07597911958248
79.19242154092258 25.0599468758282 37.07597911958258
39.19982311674571 11.04514825547636 37.07597911958162
35.80479092009389 14.65569700635156 37.0759791195816
43.96912086540915 12.39277761228889 37.07597911958167
40.57408866875732 16.00332636316408 37.07597911958163
48.89934191151843 11.88757830978524 37.07597911958171
45.5043097148666 15.49812706066043 37.07597911958168
51.76774306534649 15.92918451517769 37.07597911958174
48.37271086869467 19.5397332660529 37.0759791195817
53.13161887925592 14.46636437441094 37.07597911958175
56.000020033084 18.5079705798034 37.07597911958177
52.58299193633717 22.15427705612415 37.07597911958174
55.97802413298901 18.54372830524895 37.07597911958176
55.77683557691082 23.49568035102365 37.07597911958177
52.38180338025899 27.10622910189884 37.07597911958174
60.93247329687711 18.41827161472331 37.07597911958182
60.73128474079892 23.370223660498 37.07597911958181
65.5418390304493 20.2392750284816 37.07597911958187
65.34065047437113 25.1912270742563 37.07597911958186
67.11309328809701 29.81948294129958 37.07597911958187
67.3142818441752 24.86753089552488 37.07597911958188
67.1039975748883 29.82295600650685 37.07597911958189
62.49463184131608 28.00195259274855 37.07597911958183
62.48160463019186 28.00689123360959 37.07597911958181
57.52715546630377 28.13234792413523 37.07597911958176
67.08222141257301 29.84988638293099 37.07597911958187
62.12777224868491 29.97534307345662 37.0759791195818
57.41508019334056 28.17312201025232 37.0759791195818
54.02004799668873 31.78367076112753 37.07597911958176
61.94239268756792 30.18949188662965 37.07597911958185
58.54736049091609 33.80004063750485 37.07597911958182
66.89789954929091 30.2620014871346 37.0759791195819
63.50286735263909 33.8725502380098 37.07597911958186
48.37084550411713 19.54105650200552 37.07597911958169
43.44062445800785 20.04625580450915 37.07597911958165
35.79242763485175 14.6621194343388 37.07597911958158
31.25066355020477 16.64572345181807 37.07597911958155
40.5237890152828 16.13742461853443 37.0759791195816
35.98202493063584 18.1210286360137 37.07597911958158
40.01488557652988 21.06726469593799 37.0759791195816
35.47312149188291 23.05086871341727 37.07597911958158
43.1659504253354 20.33042938623716 37.07597911958162
42.65704698658246 25.26026946364076 37.0759791195816
47.60807310290335 25.03745497969157 37.07597911958164
48.11697654165629 20.107614902288 37.07597911958165
52.15775109503984 22.97718750242846 37.07597911958167
51.64884765628692 27.90702757983204 37.07597911958165
51.64118031639638 27.91779386656229 37.07597911958165
46.69015420007549 28.14060835051146 37.07597911958162
42.64585511015238 25.26730103053075 37.07597911958164
38.10409102550542 27.25090504801004 37.07597911958161
31.14410051210146 16.69927447252405 37.07597911958156
26.58533408954705 14.75506393779806 37.07597911958151
19.64208681342821 11.64804959423055 37.0759791195814
24.41180463458067 10.30190777208486 37.07597911958147
16.1222602243878 8.161035419855892 37.07597911958138
13.17089290230457 12.14245938985561 37.07597911958138
19.62551694938673 11.66667348125054 37.0759791195814
16.6741496273035 15.64809745125026 37.0759791195814
21.45359906303041 14.33692660422888 37.0759791195814
24.40496638511363 10.35550263422916 37.0759791195814
26.41793413535911 14.88432883261884 37.07597911958142
23.46656681327589 18.86575280261857 37.07597911958142
27.95272981604291 20.97208786887784 37.07597911958143
30.90409713812613 16.99066389887811 37.07597911958143
29.76669674041601 21.81442034318974 37.07597911958143
26.81532941833278 25.79584431318946 37.07597911958142
35.40794127212734 19.05892256630154 37.07597911958145
34.27054087441719 23.88267901061315 37.07597911958145
34.25285974318302 23.92075540944901 37.07597911958143
31.30149242109979 27.90217937944874 37.07597911958143
36.2658274934285 28.44958160783871 37.07597911958143
33.31446017134527 32.43100557783843 37.07597911958142
41.04527692915542 27.13841076081733 37.07597911958143
38.09390960707219 31.11983473081704 37.07597911958142
41.59716633207112 34.62547279221171 37.07597911958141
44.54853365415435 30.64404882221198 37.07597911958141
49.46697230257249 31.25336578447038 37.07597911958143
46.51560498048926 35.2347897544701 37.07597911958141
49.84395449248008 36.19504468209632 37.07597911958142
46.89258717039685 40.17646865209604 37.07597911958141
53.62231005741669 39.40227637370539 37.07597911958143
50.67094273533346 43.38370034370512 37.07597911958142
58.35367143784774 40.87758155790102 37.07597911958145
55.40230411576453 44.85900552790075 37.07597911958144
62.6383720932643 38.38686957290115 37.07597911958148
59.68700477118109 42.36829354290088 37.07597911958146
63.58839285936619 43.25100016764511 37.07597911958148
60.63702553728297 47.23242413764483 37.07597911958147
65.43357508381638 42.47944164194988 37.07597911958148
66.38359584991827 47.34357223669384 37.07597911958149
71.28921830754672 48.0486780457469 37.07597911958151
70.33919754144483 43.18454745100294 37.0759791195815
66.37555052370412 47.3490555665961 37.0759791195815
63.4241832016209 51.33047953659583 37.0759791195815
71.26935537409236 48.13198594987783 37.07597911958154
68.31798805200913 52.11340991987756 37.07597911958153
76.10717143504712 47.05595543956821 37.07597911958156
73.15580411296391 51.03737940956793 37.07597911958155
76.47544488607504 54.71736460468043 37.0759791195816
79.42681220815825 50.73594063468069 37.0759791195816
83.91297521092531 52.84227570093999 37.07597911958167
80.96160788884208 56.82369967093971 37.07597911958165
81.33859007874969 61.76537856856564 37.07597911958168
84.28995740083289 57.78395459856593 37.0759791195817
86.46187704869077 62.23873528250517 37.07597911958172
83.51050972660755 66.22015925250489 37.07597911958172
88.24187110703861 67.69546443670052 37.07597911958177
91.19323842912182 63.71404046670079 37.07597911958179
93.17209215314791 67.19026513419689 37.07597911958182
96.12345947523113 63.20884116419715 37.07597911958183
76.47374634883381 54.71889611035575 37.0759791195816
71.63593028787906 55.79492662066538 37.07597911958157
41.58780455714217 34.63480329065148 37.07597911958141
36.80835512141525 35.94597413767286 37.0759791195814
23.45448155978972 18.87110515529095 37.07597911958144
18.67503212406281 20.18227600231233 37.07597911958143
16.66478785237455 15.65742794969004 37.07597911958143
11.74634920395642 15.04811098743164 37.0759791195814
4 0 1 2 3 0.40000 0.40000 0.90196
4 928 929 3 2 0.40000 0.40000 0.90196
4 924 926 927 925 0.40000 0.40000 0.90196
4 924 925 923 922 0.40000 0.40000 0.90196
4 942 943 941 938 0.40000 0.40000 0.90196
4 382 383 380 378 0.40000 0.40000 0.90196
4 963 965 1016 1017 0.40000 0.40000 0.90196
4 797 810 914 915 0.40000 0.40000 0.90196
4 812 810 811 813 0.40000 0.40000 0.90196
4 828 827 826 829 0.40000 0.40000 0.90196
4 451 450 452 453 0.40000 0.40000 0.90196
4 547 544 548 549 0.40000 0.40000 0.90196
4 1404 1402 1400 1405 0.40000 0.40000 0.90196
4 1210 1211 1209 1208 0.40000 0.40000 0.90196
4 14 13 12 15 0.40000 0.40000 0.90196
4 504 506 507 505 0.40000 0.40000 0.90196
4 405 404 406 407 0.40000 0.40000 0.90196
4 502 501 500 503 0.40000 0.40000 0.90196
4 490 489 488 491 0.40000 0.40000 0.90196
4 408 409 407 406 0.40000 0.40000 0.90196
4 405 486 487 1 0.40000 0.40000 0.90196
4 1 487 492 493 0.40000 0.40000 0.90196
4 488 489 487 486 0.40000 0.40000 0.90196
4 2 1 494 495 0.40000 0.40000 0.90196
4 500 501 499 1 0.40000 0.40000 0.90196
4 498 499 504 505 0.40000 0.40000 0.90196
4 494 1 496 497 0.40000 0.40000 0.90196
4 498 496 1 499 0.40000 0.40000 0.90196
4 921 920 922 923 0.40000 0.40000 0.90196
4 594 593 592 595 0.40000 0.40000 0.90196
4 592 593 497 496 0.40000 0.40000 0.90196
4 787 788 789 786 0.40000 0.40000 0.90196
4 920 921 919 918 0.40000 0.40000 0.90196
4 918 919 786 789 0.40000 0.40000 0.90196
4 786 785 784 787 0.40000 0.40000 0.90196
4 930 931 929 928 0.40000 0.40000 0.90196
4 784 785 495 494 0.40000 0.40000 0.90196
4 931 1124 1204 1205 0.40000 0.40000 0.90196
4 930 932 933 931 0.40000 0.40000 0.90196
4 1124 931 933 1125 0.40000 0.40000 0.90196
4 936 937 934 932 0.40000 0.40000 0.90196
4 933 932 934 935 0.40000 0.40000 0.90196
4 1128 1127 1126 1129 0.40000 0.40000 0.90196
4 1125 1126 1127 1124 0.40000 0.40000 0.90196
4 940 939 938 941 0.40000 0.40000 0.90196
4 935 939 1122 1123 0.40000 0.40000 0.90196
4 934 938 939 935 0.40000 0.40000 0.90196
4 822 824 825 823 0.40000 0.40000 0.90196
4 832 833 831 830 0.40000 0.40000 0.90196
4 828 829 830 831 0.40000 0.40000 0.90196
4 766 765 764 767 0.40000 0.40000 0.90196
4 684 683 682 685 0.40000 0.40000 0.90196
4 678 680 681 679 0.40000 0.40000 0.90196
4 710 711 679 681 0.40000 0.40000 0.90196
4 682 683 681 680 0.40000 0.40000 0.90196
4 542 540 541 543 0.40000 0.40000 0.90196
4 540 544 545 539 0.40000 0.40000 0.90196
4 540 539 538 541 0.40000 0.40000 0.90196
4 430 432 433 431 0.40000 0.40000 0.90196
4 466 468 469 467 0.40000 0.40000 0.90196
4 447 446 450 451 0.40000 0.40000 0.90196
4 445 446 447 444 0.40000 0.40000 0.90196
4 446 445 448 449 0.40000 0.40000 0.90196
4 1636 1650 1651 1637 0.40000 0.40000 0.90196
4 418 420 421 419 0.40000 0.40000 0.90196
4 414 484 485 411 0.40000 0.40000 0.90196
4 508 509 507 506 0.40000 0.40000 0.90196
4 510 509 508 511 0.40000 0.40000 0.90196
4 599 596 600 601 0.40000 0.40000 0.90196
4 582 583 507 509 0.40000 0.40000 0.90196
4 582 584 585 583 0.40000 0.40000 0.90196
4 586 587 585 584 0.40000 0.40000 0.90196
4 511 512 513 510 0.40000 0.40000 0.90196
4 580 510 513 581 0.40000 0.40000 0.90196
4 220 219 218 221 0.40000 0.40000 0.90196
4 378 380 381 379 0.40000 0.40000 0.90196
4 219 246 247 217 0.40000 0.40000 0.90196
4 224 225 220 221 0.40000 0.40000 0.90196
4 163 166 167 164 0.40000 0.40000 0.90196
4 92 89 88 93 0.40000 0.40000 0.90196
4 90 88 86 91 0.40000 0.40000 0.90196
4 87 86 88 89 0.40000 0.40000 0.90196
4 814 815 812 813 0.40000 0.40000 0.90196
4 812 910 911 810 0.40000 0.40000 0.90196
4 898 899 812 815 0.40000 0.40000 0.90196
4 810 797 796 811 0.40000 0.40000 0.90196
4 789 788 790 791 0.40000 0.40000 0.90196
4 791 795 916 917 0.40000 0.40000 0.90196
4 796 797 795 794 0.40000 0.40000 0.90196
4 794 795 791 790 0.40000 0.40000 0.90196
4 606 605 602 607 0.40000 0.40000 0.90196
4 815 814 816 817 0.40000 0.40000 0.90196
4 826 827 817 816 0.40000 0.40000 0.90196
4 888 828 831 889 0.40000 0.40000 0.90196
4 966 1014 1015 965 0.40000 0.40000 0.90196
4 1056 1058 1059 1057 0.40000 0.40000 0.90196
4 546 545 544 547 0.40000 0.40000 0.90196
4 634 636 637 635 0.40000 0.40000 0.90196
4 629 662 663 626 0.40000 0.40000 0.90196
4 1414 1409 1410 1415 0.40000 0.40000 0.90196
4 1414 1415 1416 1417 0.40000 0.40000 0.90196
4 1208 1209 1206 931 0.40000 0.40000 0.90196
4 929 931 1206 1207 0.40000 0.40000 0.90196
4 1556 1555 1554 1557 0.40000 0.40000 0.90196
4 14 15 16 17 0.40000 0.40000 0.90196
4 17 16 18 19 0.40000 0.40000 0.90196
4 17 19 22 23 0.40000 0.40000 0.90196
4 595 596 597 594 0.40000 0.40000 0.90196
4 598 597 596 599 0.40000 0.40000 0.90196
4 282 281 280 283 0.40000 0.40000 0.90196
4 1400 1401 3 929 0.40000 0.40000 0.90196
4 0 3 1544 1545 0.40000 0.40000 0.90196
4 1216 1218 1219 1217 0.40000 0.40000 0.90196
4 1201 1200 1202 1203 0.40000 0.40000 0.90196
4 1212 1213 1211 1210 0.40000 0.40000 0.90196
4 941 944 945 940 0.40000 0.40000 0.90196
4 946 945 944 947 0.40000 0.40000 0.90196
4 816 814 818 819 0.40000 0.40000 0.90196
4 818 814 820 821 0.40000 0.40000 0.90196
4 818 822 823 819 0.40000 0.40000 0.90196
4 724 722 723 725 0.40000 0.40000 0.90196
4 722 720 721 723 0.40000 0.40000 0.90196
4 722 726 727 720 0.40000 0.40000 0.90196
4 768 769 767 764 0.40000 0.40000 0.90196
4 758 759 757 756 0.40000 0.40000 0.90196
4 834 835 832 830 0.40000 0.40000 0.90196
4 766 767 770 771 0.40000 0.40000 0.90196
4 770 772 773 771 0.40000 0.40000 0.90196
4 774 775 773 772 0.40000 0.40000 0.90196
4 727 726 728 729 0.40000 0.40000 0.90196
4 728 726 730 731 0.40000 0.40000 0.90196
4 742 729 728 743 0.40000 0.40000 0.90196
4 684 685 686 687 0.40000 0.40000 0.90196
4 626 666 667 625 0.40000 0.40000 0.90196
4 537 536 538 539 0.40000 0.40000 0.90196
4 536 537 535 534 0.40000 0.40000 0.90196
4 462 463 433 437 0.40000 0.40000 0.90196
4 444 443 442 445 0.40000 0.40000 0.90196
4 361 360 362 363 0.40000 0.40000 0.90196
4 619 622 672 673 0.40000 0.40000 0.90196
4 622 619 618 623 0.40000 0.40000 0.90196
4 530 532 533 531 0.40000 0.40000 0.90196
4 533 532 534 535 0.40000 0.40000 0.90196
4 171 170 172 173 0.40000 0.40000 0.90196
4 1665 1666 1670 1671 0.40000 0.40000 0.90196
4 1666 1665 1664 1667 0.40000 0.40000 0.90196
4 1694 1696 1697 1695 0.40000 0.40000 0.90196
4 1666 1667 1668 1669 0.40000 0.40000 0.90196
4 1378 1377 1376 1379 0.40000 0.40000 0.90196
4 419 421 474 475 0.40000 0.40000 0.90196
4 476 477 475 474 0.40000 0.40000 0.90196
4 472 421 423 473 0.40000 0.40000 0.90196
4 587 586 588 589 0.40000 0.40000 0.90196
4 590 591 589 588 0.40000 0.40000 0.90196
4 611 612 613 610 0.40000 0.40000 0.90196
4 417 416 418 419 0.40000 0.40000 0.90196
4 399 398 402 403 0.40000 0.40000 0.90196
4 415 416 417 414 0.40000 0.40000 0.90196
4 408 410 411 409 0.40000 0.40000 0.90196
4 414 411 410 415 0.40000 0.40000 0.90196
4 274 252 255 275 0.40000 0.40000 0.90196
4 410 408 412 413 0.40000 0.40000 0.90196
4 396 397 398 399 0.40000 0.40000 0.90196
4 396 285 288 397 0.40000 0.40000 0.90196
4 390 389 388 391 0.40000 0.40000 0.90196
4 397 400 401 398 0.40000 0.40000 0.90196
4 388 389 386 387 0.40000 0.40000 0.90196
4 295 296 384 385 0.40000 0.40000 0.90196
4 296 295 294 297 0.40000 0.40000 0.90196
4 217 216 218 219 0.40000 0.40000 0.90196
4 428 430 431 429 0.40000 0.40000 0.90196
4 426 428 429 427 0.40000 0.40000 0.90196
4 299 302 378 379 0.40000 0.40000 0.90196
4 306 307 305 304 0.40000 0.40000 0.90196
4 303 304 305 302 0.40000 0.40000 0.90196
4 297 298 299 296 0.40000 0.40000 0.90196
4 302 299 298 303 0.40000 0.40000 0.90196
4 264 263 260 265 0.40000 0.40000 0.90196
4 262 263 272 273 0.40000 0.40000 0.90196
4 260 261 258 259 0.40000 0.40000 0.90196
4 262 261 260 263 0.40000 0.40000 0.90196
4 298 297 300 301 0.40000 0.40000 0.90196
4 164 168 169 165 0.40000 0.40000 0.90196
4 221 218 222 223 0.40000 0.40000 0.90196
4 169 168 170 171 0.40000 0.40000 0.90196
4 307 368 369 305 0.40000 0.40000 0.90196
4 368 370 371 369 0.40000 0.40000 0.90196
4 308 309 307 306 0.40000 0.40000 0.90196
4 86 87 85 84 0.40000 0.40000 0.90196
4 83 82 84 85 0.40000 0.40000 0.90196
4 24 27 28 29 0.40000 0.40000 0.90196
4 912 913 911 910 0.40000 0.40000 0.90196
4 899 898 900 901 0.40000 0.40000 0.90196
4 1009 1008 1010 1011 0.40000 0.40000 0.90196
4 734 735 733 732 0.40000 0.40000 0.90196
4 732 733 731 730 0.40000 0.40000 0.90196
4 1000 999 998 1001 0.40000 0.40000 0.90196
4 1252 1253 1251 1250 0.40000 0.40000 0.90196
4 1166 1165 1164 1167 0.40000 0.40000 0.90196
4 1051 1050 1052 1053 0.40000 0.40000 0.90196
4 1050 1051 1049 1046 0.40000 0.40000 0.90196
4 1057 1059 1072 1073 0.40000 0.40000 0.90196
4 1106 1105 1102 1107 0.40000 0.40000 0.90196
4 1105 1114 1115 1104 0.40000 0.40000 0.90196
4 703 702 704 705 0.40000 0.40000 0.90196
4 963 1020 1021 961 0.40000 0.40000 0.90196
4 960 962 963 961 0.40000 0.40000 0.90196
4 1038 1040 1041 1039 0.40000 0.40000 0.90196
4 1206 1336 1337 1207 0.40000 0.40000 0.90196
4 1337 1398 1399 1207 0.40000 0.40000 0.90196
4 1404 1405 1406 1407 0.40000 0.40000 0.90196
4 1411 1412 1413 1410 0.40000 0.40000 0.90196
4 1342 1344 1345 1343 0.40000 0.40000 0.90196
4 19 18 20 21 0.40000 0.40000 0.90196
4 1687 1688 1689 1686 0.40000 0.40000 0.90196
4 1460 1461 1404 1407 0.40000 0.40000 0.90196
4 1464 1466 1467 1465 0.40000 0.40000 0.90196
4 1464 1465 1462 1463 0.40000 0.40000 0.90196
4 1556 1559 1658 1659 0.40000 0.40000 0.90196
4 1468 1467 1466 1469 0.40000 0.40000 0.90196
4 74 76 77 75 0.40000 0.40000 0.90196
4 198 73 75 199 0.40000 0.40000 0.90196
4 23 22 24 25 0.40000 0.40000 0.90196
4 253 254 255 252 0.40000 0.40000 0.90196
4 163 164 165 162 0.40000 0.40000 0.90196
4 1545 1544 1546 1547 0.40000 0.40000 0.90196
4 1462 1542 1543 1403 0.40000 0.40000 0.90196
4 1400 1402 1403 1401 0.40000 0.40000 0.90196
4 1462 1403 1402 1463 0.40000 0.40000 0.90196
4 1682 1738 1739 1681 0.40000 0.40000 0.90196
4 1686 1685 1684 1687 0.40000 0.40000 0.90196
4 1683 1684 1685 1682 0.40000 0.40000 0.90196
4 1555 1556 1674 1675 0.40000 0.40000 0.90196
4 1680 1681 1679 1678 0.40000 0.40000 0.90196
4 1682 1681 1680 1683 0.40000 0.40000 0.90196
4 1552 1551 1550 1553 0.40000 0.40000 0.90196
4 1552 1553 1554 1555 0.40000 0.40000 0.90196
4 1676 1551 1552 1677 0.40000 0.40000 0.90196
4 71 70 72 73 0.40000 0.40000 0.90196
4 74 75 73 72 0.40000 0.40000 0.90196
4 68 69 13 14 0.40000 0.40000 0.90196
4 802 803 801 800 0.40000 0.40000 0.90196
4 790 788 792 793 0.40000 0.40000 0.90196
4 748 749 594 597 0.40000 0.40000 0.90196
4 1549 1679 1740 1741 0.40000 0.40000 0.90196
4 6 8 9 7 0.40000 0.40000 0.90196
4 1184 1186 1187 1185 0.40000 0.40000 0.90196
4 1213 1215 1332 1333 0.40000 0.40000 0.90196
4 1214 1215 1213 1212 0.40000 0.40000 0.90196
4 1216 1217 1215 1214 0.40000 0.40000 0.90196
4 1337 1336 1338 1339 0.40000 0.40000 0.90196
4 1209 1211 1334 1335 0.40000 0.40000 0.90196
4 1199 1198 1200 1201 0.40000 0.40000 0.90196
4 1198 1199 1127 1128 0.40000 0.40000 0.90196
4 1265 1264 1266 1267 0.40000 0.40000 0.90196
4 1264 1265 1263 1262 0.40000 0.40000 0.90196
4 1262 1263 1229 1230 0.40000 0.40000 0.90196
4 1231 1232 1233 1230 0.40000 0.40000 0.90196
4 947 948 949 946 0.40000 0.40000 0.90196
4 948 950 951 949 0.40000 0.40000 0.90196
4 1135 1136 1184 1185 0.40000 0.40000 0.90196
4 1076 1077 940 945 0.40000 0.40000 0.90196
4 1128 1129 1130 1131 0.40000 0.40000 0.90196
4 780 781 782 783 0.40000 0.40000 0.90196
4 698 699 697 696 0.40000 0.40000 0.90196
4 442 443 440 441 0.40000 0.40000 0.90196
4 438 440 460 461 0.40000 0.40000 0.90196
4 440 438 439 441 0.40000 0.40000 0.90196
4 436 437 433 432 0.40000 0.40000 0.90196
4 438 437 436 439 0.40000 0.40000 0.90196
4 348 350 351 349 0.40000 0.40000 0.90196
4 623 624 625 622 0.40000 0.40000 0.90196
4 626 625 624 627 0.40000 0.40000 0.90196
4 569 568 572 573 0.40000 0.40000 0.90196
4 550 535 537 551 0.40000 0.40000 0.90196
4 552 553 531 533 0.40000 0.40000 0.90196
4 566 570 571 568 0.40000 0.40000 0.90196
4 554 553 552 555 0.40000 0.40000 0.90196
4 556 558 559 557 0.40000 0.40000 0.90196
4 555 556 557 554 0.40000 0.40000 0.90196
4 629 628 630 631 0.40000 0.40000 0.90196
4 627 628 629 626 0.40000 0.40000 0.90196
4 578 515 516 579 0.40000 0.40000 0.90196
4 520 522 523 521 0.40000 0.40000 0.90196
4 522 520 524 525 0.40000 0.40000 0.90196
4 525 524 526 527 0.40000 0.40000 0.90196
4 156 157 152 153 0.40000 0.40000 0.90196
4 1700 1702 1703 1701 0.40000 0.40000 0.90196
4 30 28 27 31 0.40000 0.40000 0.90196
4 1589 1590 1591 1586 0.40000 0.40000 0.90196
4 1602 1603 1575 1576 0.40000 0.40000 0.90196
4 1580 1581 1579 1578 0.40000 0.40000 0.90196
4 1576 1577 1578 1579 0.40000 0.40000 0.90196
4 1586 1584 1588 1589 0.40000 0.40000 0.90196
4 1604 1606 1607 1605 0.40000 0.40000 0.90196
4 1630 1628 1632 1633 0.40000 0.40000 0.90196
4 1634 1631 1630 1635 0.40000 0.40000 0.90196
4 1636 1637 1634 1635 0.40000 0.40000 0.90196
4 1708 1709 1707 1706 0.40000 0.40000 0.90196
4 1369 1368 1374 1375 0.40000 0.40000 0.90196
4 1376 1377 1375 1374 0.40000 0.40000 0.90196
4 1487 1488 1518 1519 0.40000 0.40000 0.90196
4 1488 1487 1486 1489 0.40000 0.40000 0.90196
4 1489 1490 1491 1488 0.40000 0.40000 0.90196
4 1431 1428 1432 1433 0.40000 0.40000 0.90196
4 425 424 426 427 0.40000 0.40000 0.90196
4 716 717 714 712 0.40000 0.40000 0.90196
4 386 291 292 387 0.40000 0.40000 0.90196
4 293 294 295 292 0.40000 0.40000 0.90196
4 71 248 249 11 0.40000 0.40000 0.90196
4 216 217 215 214 0.40000 0.40000 0.90196
4 258 255 257 259 0.40000 0.40000 0.90196
4 470 425 464 471 0.40000 0.40000 0.90196
4 464 425 427 465 0.40000 0.40000 0.90196
4 466 467 464 465 0.40000 0.40000 0.90196
4 311 366 367 309 0.40000 0.40000 0.90196
4 265 266 267 264 0.40000 0.40000 0.90196
4 959 958 960 961 0.40000 0.40000 0.90196
4 952 951 950 953 0.40000 0.40000 0.90196
4 962 964 965 963 0.40000 0.40000 0.90196
4 966 965 964 967 0.40000 0.40000 0.90196
4 968 966 967 969 0.40000 0.40000 0.90196
4 1012 968 1006 1013 0.40000 0.40000 0.90196
4 1162 1164 1165 1163 0.40000 0.40000 0.90196
4 1250 1251 1248 1246 0.40000 0.40000 0.90196
4 1178 1179 1163 1165 0.40000 0.40000 0.90196
4 1595 1594 1596 1597 0.40000 0.40000 0.90196
4 1506 1508 1509 1507 0.40000 0.40000 0.90196
4 1059 1058 1060 1061 0.40000 0.40000 0.90196
4 1004 977 980 1005 0.40000 0.40000 0.90196
4 1066 1065 1064 1067 0.40000 0.40000 0.90196
4 1387 1386 1388 1389 0.40000 0.40000 0.90196
4 1267 1266 1268 1269 0.40000 0.40000 0.90196
4 1246 1248 1249 1244 0.40000 0.40000 0.90196
4 1104 1103 1102 1105 0.40000 0.40000 0.90196
4 1056 1057 1055 1054 0.40000 0.40000 0.90196
4 1101 1100 1102 1103 0.40000 0.40000 0.90196
4 1158 1159 1157 1154 0.40000 0.40000 0.90196
4 1156 1155 1154 1157 0.40000 0.40000 0.90196
4 1100 1101 1097 1098 0.40000 0.40000 0.90196
4 1049 1054 1055 1048 0.40000 0.40000 0.90196
4 689 690 691 688 0.40000 0.40000 0.90196
4 688 687 686 689 0.40000 0.40000 0.90196
4 667 666 668 669 0.40000 0.40000 0.90196
4 635 652 653 633 0.40000 0.40000 0.90196
4 692 693 691 690 0.40000 0.40000 0.90196
4 664 665 663 662 0.40000 0.40000 0.90196
4 658 659 633 653 0.40000 0.40000 0.90196
4 692 694 695 693 0.40000 0.40000 0.90196
4 694 692 696 697 0.40000 0.40000 0.90196
4 669 668 670 671 0.40000 0.40000 0.90196
4 660 629 631 661 0.40000 0.40000 0.90196
4 638 637 636 639 0.40000 0.40000 0.90196
4 653 652 654 655 0.40000 0.40000 0.90196
4 656 657 655 654 0.40000 0.40000 0.90196
4 1044 1043 1042 1045 0.40000 0.40000 0.90196
4 1042 1043 1041 1040 0.40000 0.40000 0.90196
4 1017 1016 1018 1019 0.40000 0.40000 0.90196
4 1021 1020 1022 1023 0.40000 0.40000 0.90196
4 1024 1023 1022 1025 0.40000 0.40000 0.90196
4 1407 1406 1408 1409 0.40000 0.40000 0.90196
4 1410 1409 1408 1411 0.40000 0.40000 0.90196
4 1340 1341 1339 1338 0.40000 0.40000 0.90196
4 1396 1339 1341 1397 0.40000 0.40000 0.90196
4 1341 1340 1342 1343 0.40000 0.40000 0.90196
4 1419 1420 1421 1416 0.40000 0.40000 0.90196
4 1571 1572 1604 1605 0.40000 0.40000 0.90196
4 1576 1575 1574 1577 0.40000 0.40000 0.90196
4 1573 1574 1575 1572 0.40000 0.40000 0.90196
4 1481 1484 1520 1521 0.40000 0.40000 0.90196
4 1469 1470 1471 1468 0.40000 0.40000 0.90196
4 194 195 75 77 0.40000 0.40000 0.90196
4 192 77 79 193 0.40000 0.40000 0.90196
4 77 76 78 79 0.40000 0.40000 0.90196
4 82 83 81 80 0.40000 0.40000 0.90196
4 78 80 81 79 0.40000 0.40000 0.90196
4 66 25 24 67 0.40000 0.40000 0.90196
4 196 197 195 194 0.40000 0.40000 0.90196
4 200 201 198 199 0.40000 0.40000 0.90196
4 712 714 715 713 0.40000 0.40000 0.90196
4 756 757 755 754 0.40000 0.40000 0.90196
4 610 609 608 611 0.40000 0.40000 0.90196
4 605 608 609 604 0.40000 0.40000 0.90196
4 604 609 712 713 0.40000 0.40000 0.90196
4 748 750 751 749 0.40000 0.40000 0.90196
4 599 602 603 598 0.40000 0.40000 0.90196
4 604 603 602 605 0.40000 0.40000 0.90196
4 746 598 603 747 0.40000 0.40000 0.90196
4 808 807 806 809 0.40000 0.40000 0.90196
4 752 753 751 750 0.40000 0.40000 0.90196
4 754 755 753 752 0.40000 0.40000 0.90196
4 1 278 404 405 0.40000 0.40000 0.90196
4 280 281 278 279 0.40000 0.40000 0.90196
4 4 5 1 0 0.40000 0.40000 0.90196
4 278 1 5 279 0.40000 0.40000 0.90196
4 4 6 7 5 0.40000 0.40000 0.90196
4 11 10 70 71 0.40000 0.40000 0.90196
4 8 10 11 9 0.40000 0.40000 0.90196
4 12 13 10 8 0.40000 0.40000 0.90196
4 1548 1546 1550 1551 0.40000 0.40000 0.90196
4 1678 1679 1549 1548 0.40000 0.40000 0.90196
4 1548 1549 1547 1546 0.40000 0.40000 0.90196
4 1220 1221 1219 1218 0.40000 0.40000 0.90196
4 1230 1229 1228 1231 0.40000 0.40000 0.90196
4 1188 1189 1187 1186 0.40000 0.40000 0.90196
4 1185 1190 1191 1135 0.40000 0.40000 0.90196
4 1220 1218 1222 1223 0.40000 0.40000 0.90196
4 1223 1222 1224 1225 0.40000 0.40000 0.90196
4 1196 1197 1194 1195 0.40000 0.40000 0.90196
4 1194 1128 1131 1195 0.40000 0.40000 0.90196
4 1182 1143 1146 1183 0.40000 0.40000 0.90196
4 1030 1031 946 949 0.40000 0.40000 0.90196
4 720 718 717 721 0.40000 0.40000 0.90196
4 764 765 763 762 0.40000 0.40000 0.90196
4 700 701 695 694 0.40000 0.40000 0.90196
4 701 700 702 703 0.40000 0.40000 0.90196
4 372 373 371 370 0.40000 0.40000 0.90196
4 432 430 434 435 0.40000 0.40000 0.90196
4 364 365 313 314 0.40000 0.40000 0.90196
4 375 374 376 377 0.40000 0.40000 0.90196
4 373 372 374 375 0.40000 0.40000 0.90196
4 360 361 314 316 0.40000 0.40000 0.90196
4 678 679 677 676 0.40000 0.40000 0.90196
4 676 677 610 613 0.40000 0.40000 0.90196
4 564 563 562 565 0.40000 0.40000 0.90196
4 530 531 529 528 0.40000 0.40000 0.90196
4 528 529 523 522 0.40000 0.40000 0.90196
4 568 569 567 566 0.40000 0.40000 0.90196
4 566 567 564 565 0.40000 0.40000 0.90196
4 616 620 621 618 0.40000 0.40000 0.90196
4 521 562 563 518 0.40000 0.40000 0.90196
4 518 574 575 516 0.40000 0.40000 0.90196
4 230 232 233 231 0.40000 0.40000 0.90196
4 176 175 174 177 0.40000 0.40000 0.90196
4 174 175 173 172 0.40000 0.40000 0.90196
4 320 326 327 321 0.40000 0.40000 0.90196
4 1618 1617 1616 1619 0.40000 0.40000 0.90196
4 1622 1615 1617 1623 0.40000 0.40000 0.90196
4 44 43 42 45 0.40000 0.40000 0.90196
4 43 44 46 47 0.40000 0.40000 0.90196
4 41 40 42 43 0.40000 0.40000 0.90196
4 1706 1707 1705 1704 0.40000 0.40000 0.90196
4 1703 1702 1704 1705 0.40000 0.40000 0.90196
4 38 37 36 39 0.40000 0.40000 0.90196
4 64 65 38 39 0.40000 0.40000 0.90196
4 40 41 39 36 0.40000 0.40000 0.90196
4 1630 1631 1629 1628 0.40000 0.40000 0.90196
4 1698 1697 1696 1699 0.40000 0.40000 0.90196
4 1699 1700 1701 1698 0.40000 0.40000 0.90196
4 1736 1737 1695 1697 0.40000 0.40000 0.90196
4 1593 1592 1594 1595 0.40000 0.40000 0.90196
4 1592 1593 1590 1589 0.40000 0.40000 0.90196
4 350 352 353 351 0.40000 0.40000 0.90196
4 1512 1513 1511 1510 0.40000 0.40000 0.90196
4 1509 1508 1510 1511 0.40000 0.40000 0.90196
4 342 344 345 343 0.40000 0.40000 0.90196
4 1438 1440 1441 1439 0.40000 0.40000 0.90196
4 1436 1438 1439 1435 0.40000 0.40000 0.90196
4 1454 1433 1435 1455 0.40000 0.40000 0.90196
4 1579 1581 1584 1585 0.40000 0.40000 0.90196
4 1610 1608 1609 1611 0.40000 0.40000 0.90196
4 1608 1607 1606 1609 0.40000 0.40000 0.90196
4 1651 1650 1652 1653 0.40000 0.40000 0.90196
4 1646 1648 1649 1647 0.40000 0.40000 0.90196
4 1654 1655 1653 1652 0.40000 0.40000 0.90196
4 1710 1716 1717 1711 0.40000 0.40000 0.90196
4 1708 1712 1713 1710 0.40000 0.40000 0.90196
4 1710 1711 1709 1708 0.40000 0.40000 0.90196
4 1433 1432 1434 1435 0.40000 0.40000 0.90196
4 1364 1362 1363 1365 0.40000 0.40000 0.90196
4 1456 1457 1430 1431 0.40000 0.40000 0.90196
4 1486 1487 1484 1485 0.40000 0.40000 0.90196
4 422 423 421 420 0.40000 0.40000 0.90196
4 390 391 392 393 0.40000 0.40000 0.90196
4 392 394 395 393 0.40000 0.40000 0.90196
4 422 424 425 423 0.40000 0.40000 0.90196
4 292 291 290 293 0.40000 0.40000 0.90196
4 289 290 291 288 0.40000 0.40000 0.90196
4 252 250 248 253 0.40000 0.40000 0.90196
4 249 248 250 251 0.40000 0.40000 0.90196
4 251 250 276 277 0.40000 0.40000 0.90196
4 283 284 285 282 0.40000 0.40000 0.90196
4 286 284 283 287 0.40000 0.40000 0.90196
4 288 285 284 289 0.40000 0.40000 0.90196
4 200 202 203 201 0.40000 0.40000 0.90196
4 256 257 255 254 0.40000 0.40000 0.90196
4 204 202 206 207 0.40000 0.40000 0.90196
4 203 202 204 205 0.40000 0.40000 0.90196
4 214 215 205 204 0.40000 0.40000 0.90196
4 310 312 313 311 0.40000 0.40000 0.90196
4 310 311 309 308 0.40000 0.40000 0.90196
4 240 227 226 241 0.40000 0.40000 0.90196
4 270 264 267 271 0.40000 0.40000 0.90196
4 226 227 225 224 0.40000 0.40000 0.90196
4 268 267 266 269 0.40000 0.40000 0.90196
4 902 901 900 903 0.40000 0.40000 0.90196
4 906 904 903 907 0.40000 0.40000 0.90196
4 905 904 908 909 0.40000 0.40000 0.90196
4 902 903 904 905 0.40000 0.40000 0.90196
4 888 889 890 891 0.40000 0.40000 0.90196
4 776 777 775 774 0.40000 0.40000 0.90196
4 892 891 890 893 0.40000 0.40000 0.90196
4 1006 968 971 1007 0.40000 0.40000 0.90196
4 1008 1009 1006 1007 0.40000 0.40000 0.90196
4 970 971 968 969 0.40000 0.40000 0.90196
4 740 741 731 733 0.40000 0.40000 0.90196
4 733 735 736 737 0.40000 0.40000 0.90196
4 1157 1160 1161 1156 0.40000 0.40000 0.90196
4 1160 1162 1163 1161 0.40000 0.40000 0.90196
4 1246 1244 1243 1247 0.40000 0.40000 0.90196
4 1256 1257 1251 1253 0.40000 0.40000 0.90196
4 994 995 984 987 0.40000 0.40000 0.90196
4 998 999 982 984 0.40000 0.40000 0.90196
4 650 651 641 644 0.40000 0.40000 0.90196
4 706 707 705 704 0.40000 0.40000 0.90196
4 706 708 709 707 0.40000 0.40000 0.90196
4 858 859 857 856 0.40000 0.40000 0.90196
4 984 982 983 985 0.40000 0.40000 0.90196
4 988 989 987 986 0.40000 0.40000 0.90196
4 858 860 861 859 0.40000 0.40000 0.90196
4 985 986 987 984 0.40000 0.40000 0.90196
4 1062 1063 1061 1060 0.40000 0.40000 0.90196
4 1063 1062 1064 1065 0.40000 0.40000 0.90196
4 1107 1108 1109 1106 0.40000 0.40000 0.90196
4 1112 1106 1109 1113 0.40000 0.40000 0.90196
4 1110 1109 1108 1111 0.40000 0.40000 0.90196
4 1254 1255 1253 1252 0.40000 0.40000 0.90196
4 1168 1169 1166 1167 0.40000 0.40000 0.90196
4 1168 1170 1171 1169 0.40000 0.40000 0.90196
4 1384 1386 1387 1385 0.40000 0.40000 0.90196
4 1277 1276 1278 1279 0.40000 0.40000 0.90196
4 1242 1237 1238 1243 0.40000 0.40000 0.90196
4 1238 1239 1240 1241 0.40000 0.40000 0.90196
4 1148 1149 1150 1151 0.40000 0.40000 0.90196
4 1095 1096 1097 1094 0.40000 0.40000 0.90196
4 1146 1143 1142 1147 0.40000 0.40000 0.90196
4 1148 1146 1147 1149 0.40000 0.40000 0.90196
4 1046 1047 1044 1045 0.40000 0.40000 0.90196
4 1098 1097 1096 1099 0.40000 0.40000 0.90196
4 1048 1047 1046 1049 0.40000 0.40000 0.90196
4 560 559 558 561 0.40000 0.40000 0.90196
4 631 630 632 633 0.40000 0.40000 0.90196
4 634 635 633 632 0.40000 0.40000 0.90196
4 638 639 640 641 0.40000 0.40000 0.90196
4 1290 1291 1289 1286 0.40000 0.40000 0.90196
4 1362 1361 1360 1363 0.40000 0.40000 0.90196
4 1308 1295 1294 1309 0.40000 0.40000 0.90196
4 1296 1294 1292 1297 0.40000 0.40000 0.90196
4 1304 1305 1294 1296 0.40000 0.40000 0.90196
4 1289 1292 1293 1288 0.40000 0.40000 0.90196
4 1294 1295 1293 1292 0.40000 0.40000 0.90196
4 1323 1324 1328 1329 0.40000 0.40000 0.90196
4 1326 1324 1325 1327 0.40000 0.40000 0.90196
4 1228 1229 1227 1226 0.40000 0.40000 0.90196
4 1226 1227 1221 1220 0.40000 0.40000 0.90196
4 1288 1287 1286 1289 0.40000 0.40000 0.90196
4 1285 1286 1287 1284 0.40000 0.40000 0.90196
4 1324 1323 1322 1325 0.40000 0.40000 0.90196
4 1287 1314 1315 1284 0.40000 0.40000 0.90196
4 1284 1283 1282 1285 0.40000 0.40000 0.90196
4 1217 1316 1317 1215 0.40000 0.40000 0.90196
4 1217 1219 1282 1283 0.40000 0.40000 0.90196
4 1360 1361 1359 1358 0.40000 0.40000 0.90196
4 1357 1358 1359 1356 0.40000 0.40000 0.90196
4 1688 1687 1690 1691 0.40000 0.40000 0.90196
4 22 26 27 24 0.40000 0.40000 0.90196
4 1692 1693 1689 1688 0.40000 0.40000 0.90196
4 1694 1695 1693 1692 0.40000 0.40000 0.90196
4 1558 1559 1556 1557 0.40000 0.40000 0.90196
4 1458 1459 1417 1416 0.40000 0.40000 0.90196
4 162 161 160 163 0.40000 0.40000 0.90196
4 210 212 213 211 0.40000 0.40000 0.90196
4 206 210 211 207 0.40000 0.40000 0.90196
4 208 209 206 202 0.40000 0.40000 0.90196
4 189 190 191 188 0.40000 0.40000 0.90196
4 801 804 805 799 0.40000 0.40000 0.90196
4 799 806 807 796 0.40000 0.40000 0.90196
4 796 794 798 799 0.40000 0.40000 0.90196
4 799 798 800 801 0.40000 0.40000 0.90196
4 1238 1237 1236 1239 0.40000 0.40000 0.90196
4 1148 1151 1180 1181 0.40000 0.40000 0.90196
4 1233 1235 1260 1261 0.40000 0.40000 0.90196
4 1236 1237 1235 1234 0.40000 0.40000 0.90196
4 1234 1235 1233 1232 0.40000 0.40000 0.90196
4 1140 1139 1138 1141 0.40000 0.40000 0.90196
4 1141 1142 1143 1140 0.40000 0.40000 0.90196
4 1192 1131 1133 1193 0.40000 0.40000 0.90196
4 1132 1134 1135 1133 0.40000 0.40000 0.90196
4 1132 1133 1131 1130 0.40000 0.40000 0.90196
4 1080 1078 1076 1081 0.40000 0.40000 0.90196
4 1077 1076 1078 1079 0.40000 0.40000 0.90196
4 744 715 714 745 0.40000 0.40000 0.90196
4 714 717 718 719 0.40000 0.40000 0.90196
4 224 228 229 226 0.40000 0.40000 0.90196
4 229 228 230 231 0.40000 0.40000 0.90196
4 320 321 318 319 0.40000 0.40000 0.90196
4 348 349 316 318 0.40000 0.40000 0.90196
4 242 243 240 241 0.40000 0.40000 0.90196
4 314 313 312 315 0.40000 0.40000 0.90196
4 576 575 574 577 0.40000 0.40000 0.90196
4 613 612 614 615 0.40000 0.40000 0.90196
4 618 619 617 616 0.40000 0.40000 0.90196
4 615 617 674 675 0.40000 0.40000 0.90196
4 614 616 617 615 0.40000 0.40000 0.90196
4 513 512 514 515 0.40000 0.40000 0.90196
4 516 515 514 517 0.40000 0.40000 0.90196
4 419 478 479 417 0.40000 0.40000 0.90196
4 480 479 478 481 0.40000 0.40000 0.90196
4 518 519 520 521 0.40000 0.40000 0.90196
4 481 482 483 480 0.40000 0.40000 0.90196
4 518 516 517 519 0.40000 0.40000 0.90196
4 319 322 323 320 0.40000 0.40000 0.90196
4 1714 1713 1712 1715 0.40000 0.40000 0.90196
4 1618 1619 1620 1621 0.40000 0.40000 0.90196
4 62 63 41 43 0.40000 0.40000 0.90196
4 33 36 37 30 0.40000 0.40000 0.90196
4 32 33 30 31 0.40000 0.40000 0.90196
4 34 35 33 32 0.40000 0.40000 0.90196
4 1505 1504 1506 1507 0.40000 0.40000 0.90196
4 1516 1500 1503 1517 0.40000 0.40000 0.90196
4 1504 1505 1503 1502 0.40000 0.40000 0.90196
4 1440 1444 1445 1442 0.40000 0.40000 0.90196
4 328 329 327 326 0.40000 0.40000 0.90196
4 324 325 323 322 0.40000 0.40000 0.90196
4 354 358 359 355 0.40000 0.40000 0.90196
4 352 354 355 353 0.40000 0.40000 0.90196
4 356 357 354 352 0.40000 0.40000 0.90196
4 330 331 329 328 0.40000 0.40000 0.90196
4 331 330 332 333 0.40000 0.40000 0.90196
4 342 343 329 331 0.40000 0.40000 0.90196
4 335 340 341 333 0.40000 0.40000 0.90196
4 1582 1583 1581 1580 0.40000 0.40000 0.90196
4 1492 1493 1491 1490 0.40000 0.40000 0.90196
4 1493 1492 1494 1495 0.40000 0.40000 0.90196
4 1584 1586 1587 1585 0.40000 0.40000 0.90196
4 1638 1639 1636 1635 0.40000 0.40000 0.90196
4 1639 1646 1647 1636 0.40000 0.40000 0.90196
4 1430 1429 1428 1431 0.40000 0.40000 0.90196
4 1480 1481 1478 1479 0.40000 0.40000 0.90196
4 1484 1481 1480 1485 0.40000 0.40000 0.90196
4 1482 1483 1480 1479 0.40000 0.40000 0.90196
4 956 957 954 953 0.40000 0.40000 0.90196
4 952 953 954 955 0.40000 0.40000 0.90196
4 958 959 955 954 0.40000 0.40000 0.90196
4 1031 1030 1032 1033 0.40000 0.40000 0.90196
4 1028 1029 951 952 0.40000 0.40000 0.90196
4 1032 1034 1035 1033 0.40000 0.40000 0.90196
4 1038 1039 1037 1036 0.40000 0.40000 0.90196
4 1026 955 959 1027 0.40000 0.40000 0.90196
4 1035 1034 1036 1037 0.40000 0.40000 0.90196
4 893 894 895 892 0.40000 0.40000 0.90196
4 896 895 894 897 0.40000 0.40000 0.90196
4 880 838 842 881 0.40000 0.40000 0.90196
4 840 839 836 841 0.40000 0.40000 0.90196
4 842 838 839 843 0.40000 0.40000 0.90196
4 836 837 833 832 0.40000 0.40000 0.90196
4 838 837 836 839 0.40000 0.40000 0.90196
4 886 833 837 887 0.40000 0.40000 0.90196
4 881 882 883 880 0.40000 0.40000 0.90196
4 972 971 970 973 0.40000 0.40000 0.90196
4 866 852 857 867 0.40000 0.40000 0.90196
4 868 869 849 850 0.40000 0.40000 0.90196
4 843 844 845 842 0.40000 0.40000 0.90196
4 777 776 778 779 0.40000 0.40000 0.90196
4 870 845 847 871 0.40000 0.40000 0.90196
4 846 847 845 844 0.40000 0.40000 0.90196
4 850 849 848 851 0.40000 0.40000 0.90196
4 846 848 849 847 0.40000 0.40000 0.90196
4 736 738 739 737 0.40000 0.40000 0.90196
4 1384 1385 1383 1382 0.40000 0.40000 0.90196
4 980 977 976 981 0.40000 0.40000 0.90196
4 874 876 877 875 0.40000 0.40000 0.90196
4 877 876 878 879 0.40000 0.40000 0.90196
4 982 980 981 983 0.40000 0.40000 0.90196
4 646 648 649 647 0.40000 0.40000 0.90196
4 338 337 336 339 0.40000 0.40000 0.90196
4 860 862 863 861 0.40000 0.40000 0.90196
4 864 865 863 862 0.40000 0.40000 0.90196
4 1171 1170 1172 1173 0.40000 0.40000 0.90196
4 1243 1244 1245 1242 0.40000 0.40000 0.90196
4 1258 1245 1244 1259 0.40000 0.40000 0.90196
4 1270 1272 1273 1271 0.40000 0.40000 0.90196
4 1270 1271 1269 1268 0.40000 0.40000 0.90196
4 1154 1155 1153 1152 0.40000 0.40000 0.90196
4 1116 1094 1097 1117 0.40000 0.40000 0.90196
4 1152 1153 1151 1150 0.40000 0.40000 0.90196
4 1094 1093 1090 1095 0.40000 0.40000 0.90196
4 1118 1119 1092 1093 0.40000 0.40000 0.90196
4 345 344 346 347 0.40000 0.40000 0.90196
4 1416 1415 1418 1419 0.40000 0.40000 0.90196
4 1351 1352 1353 1350 0.40000 0.40000 0.90196
4 1344 1346 1347 1345 0.40000 0.40000 0.90196
4 1350 1347 1346 1351 0.40000 0.40000 0.90196
4 1316 1318 1319 1317 0.40000 0.40000 0.90196
4 1346 1344 1348 1349 0.40000 0.40000 0.90196
4 1322 1323 1320 1318 0.40000 0.40000 0.90196
4 1330 1321 1320 1331 0.40000 0.40000 0.90196
4 1319 1318 1320 1321 0.40000 0.40000 0.90196
4 1422 1423 1420 1419 0.40000 0.40000 0.90196
4 1354 1355 1353 1352 0.40000 0.40000 0.90196
4 1356 1355 1354 1357 0.40000 0.40000 0.90196
4 1394 1353 1355 1395 0.40000 0.40000 0.90196
4 1423 1425 1428 1429 0.40000 0.40000 0.90196
4 1426 1427 1425 1424 0.40000 0.40000 0.90196
4 1424 1425 1423 1422 0.40000 0.40000 0.90196
4 1659 1658 1660 1661 0.40000 0.40000 0.90196
4 1627 1629 1656 1657 0.40000 0.40000 0.90196
4 1627 1626 1628 1629 0.40000 0.40000 0.90196
4 1471 1470 1472 1473 0.40000 0.40000 0.90196
4 158 81 83 159 0.40000 0.40000 0.90196
4 188 81 158 189 0.40000 0.40000 0.90196
4 159 160 161 158 0.40000 0.40000 0.90196
4 1087 1086 1088 1089 0.40000 0.40000 0.90196
4 1092 1091 1090 1093 0.40000 0.40000 0.90196
4 1087 1090 1091 1084 0.40000 0.40000 0.90196
4 1144 1142 1141 1145 0.40000 0.40000 0.90196
4 1074 1075 1033 1035 0.40000 0.40000 0.90196
4 1084 1083 1080 1085 0.40000 0.40000 0.90196
4 1084 1085 1086 1087 0.40000 0.40000 0.90196
4 1137 1138 1139 1136 0.40000 0.40000 0.90196
4 1136 1135 1134 1137 0.40000 0.40000 0.90196
4 1078 1120 1121 1079 0.40000 0.40000 0.90196
4 1082 1078 1080 1083 0.40000 0.40000 0.90196
4 780 759 761 781 0.40000 0.40000 0.90196
4 760 761 759 758 0.40000 0.40000 0.90196
4 762 763 761 760 0.40000 0.40000 0.90196
4 237 238 239 236 0.40000 0.40000 0.90196
4 231 234 235 229 0.40000 0.40000 0.90196
4 236 226 229 237 0.40000 0.40000 0.90196
4 318 316 317 319 0.40000 0.40000 0.90196
4 243 242 244 245 0.40000 0.40000 0.90196
4 316 314 315 317 0.40000 0.40000 0.90196
4 177 178 179 176 0.40000 0.40000 0.90196
4 186 179 181 187 0.40000 0.40000 0.90196
4 180 181 179 178 0.40000 0.40000 0.90196
4 94 95 92 93 0.40000 0.40000 0.90196
4 92 150 151 89 0.40000 0.40000 0.90196
4 152 151 150 153 0.40000 0.40000 0.90196
4 96 95 94 97 0.40000 0.40000 0.90196
4 150 154 155 153 0.40000 0.40000 0.90196
4 95 96 140 141 0.40000 0.40000 0.90196
4 98 96 97 99 0.40000 0.40000 0.90196
4 1494 1498 1499 1495 0.40000 0.40000 0.90196
4 1441 1440 1442 1443 0.40000 0.40000 0.90196
4 1492 1496 1497 1494 0.40000 0.40000 0.90196
4 1727 1728 1729 1726 0.40000 0.40000 0.90196
4 47 46 48 49 0.40000 0.40000 0.90196
4 1717 1716 1718 1719 0.40000 0.40000 0.90196
4 1595 1598 1599 1593 0.40000 0.40000 0.90196
4 992 993 987 989 0.40000 0.40000 0.90196
4 988 990 991 989 0.40000 0.40000 0.90196
4 1388 1390 1391 1389 0.40000 0.40000 0.90196
4 994 996 997 995 0.40000 0.40000 0.90196
4 120 122 123 121 0.40000 0.40000 0.90196
4 1514 1515 1513 1512 0.40000 0.40000 0.90196
4 1732 1730 1731 1733 0.40000 0.40000 0.90196
4 118 119 120 121 0.40000 0.40000 0.90196
4 1730 1729 1728 1731 0.40000 0.40000 0.90196
4 334 336 337 335 0.40000 0.40000 0.90196
4 333 332 334 335 0.40000 0.40000 0.90196
4 118 117 116 119 0.40000 0.40000 0.90196
4 130 129 128 131 0.40000 0.40000 0.90196
4 1615 1614 1616 1617 0.40000 0.40000 0.90196
4 1586 1600 1601 1587 0.40000 0.40000 0.90196
4 1612 1613 1610 1611 0.40000 0.40000 0.90196
4 1614 1615 1613 1612 0.40000 0.40000 0.90196
4 1642 1641 1640 1643 0.40000 0.40000 0.90196
4 1638 1640 1641 1639 0.40000 0.40000 0.90196
4 1639 1641 1644 1645 0.40000 0.40000 0.90196
4 1436 1435 1434 1437 0.40000 0.40000 0.90196
4 1367 1366 1368 1369 0.40000 0.40000 0.90196
4 1364 1365 1366 1367 0.40000 0.40000 0.90196
4 1308 1309 1310 1311 0.40000 0.40000 0.90196
4 1306 1307 1305 1304 0.40000 0.40000 0.90196
4 1310 1312 1313 1311 0.40000 0.40000 0.90196
4 1297 1298 1299 1296 0.40000 0.40000 0.90196
4 1299 1298 1300 1301 0.40000 0.40000 0.90196
4 1302 1296 1299 1303 0.40000 0.40000 0.90196
4 1371 1372 1373 1370 0.40000 0.40000 0.90196
4 1370 1368 1366 1371 0.40000 0.40000 0.90196
4 1275 1276 1277 1274 0.40000 0.40000 0.90196
4 1274 1273 1272 1275 0.40000 0.40000 0.90196
4 1273 1274 1280 1281 0.40000 0.40000 0.90196
4 872 870 871 873 0.40000 0.40000 0.90196
4 882 881 884 885 0.40000 0.40000 0.90196
4 874 875 872 873 0.40000 0.40000 0.90196
4 973 974 975 972 0.40000 0.40000 0.90196
4 974 976 977 975 0.40000 0.40000 0.90196
4 978 976 974 979 0.40000 0.40000 0.90196
4 851 854 855 853 0.40000 0.40000 0.90196
4 852 850 851 853 0.40000 0.40000 0.90196
4 856 857 852 853 0.40000 0.40000 0.90196
4 1380 1382 1383 1381 0.40000 0.40000 0.90196
4 1378 1379 1380 1381 0.40000 0.40000 0.90196
4 1392 1393 1377 1378 0.40000 0.40000 0.90196
4 453 452 454 455 0.40000 0.40000 0.90196
4 1663 1662 1672 1673 0.40000 0.40000 0.90196
4 1664 1665 1662 1660 0.40000 0.40000 0.90196
4 1660 1662 1663 1661 0.40000 0.40000 0.90196
4 1540 1538 1539 1541 0.40000 0.40000 0.90196
4 1625 1624 1626 1627 0.40000 0.40000 0.90196
4 1572 1571 1570 1573 0.40000 0.40000 0.90196
4 1478 1476 1477 1479 0.40000 0.40000 0.90196
4 132 102 106 133 0.40000 0.40000 0.90196
4 145 146 147 144 0.40000 0.40000 0.90196
4 148 147 146 149 0.40000 0.40000 0.90196
4 132 133 134 135 0.40000 0.40000 0.90196
4 184 183 182 185 0.40000 0.40000 0.90196
4 180 182 183 181 0.40000 0.40000 0.90196
4 144 143 142 145 0.40000 0.40000 0.90196
4 140 142 143 141 0.40000 0.40000 0.90196
4 102 101 100 103 0.40000 0.40000 0.90196
4 98 101 138 139 0.40000 0.40000 0.90196
4 99 100 101 98 0.40000 0.40000 0.90196
4 1500 1501 1502 1503 0.40000 0.40000 0.90196
4 1500 1499 1498 1501 0.40000 0.40000 0.90196
4 1442 1452 1453 1443 0.40000 0.40000 0.90196
4 1723 1724 1725 1722 0.40000 0.40000 0.90196
4 1726 1725 1724 1727 0.40000 0.40000 0.90196
4 1722 1721 1720 1723 0.40000 0.40000 0.90196
4 1718 1720 1721 1719 0.40000 0.40000 0.90196
4 104 103 100 105 0.40000 0.40000 0.90196
4 106 102 103 107 0.40000 0.40000 0.90196
4 1066 1067 1068 1069 0.40000 0.40000 0.90196
4 1000 1001 1002 1003 0.40000 0.40000 0.90196
4 1172 1174 1175 1173 0.40000 0.40000 0.90196
4 1174 1176 1177 1175 0.40000 0.40000 0.90196
4 1070 1071 1069 1068 0.40000 0.40000 0.90196
4 1445 1447 1450 1451 0.40000 0.40000 0.90196
4 1448 1449 1447 1446 0.40000 0.40000 0.90196
4 1446 1447 1445 1444 0.40000 0.40000 0.90196
4 644 641 640 645 0.40000 0.40000 0.90196
4 640 639 642 643 0.40000 0.40000 0.90196
4 456 455 454 457 0.40000 0.40000 0.90196
4 645 646 647 644 0.40000 0.40000 0.90196
4 456 457 458 459 0.40000 0.40000 0.90196
4 1465 1467 1536 1537 0.40000 0.40000 0.90196
4 1538 1537 1536 1539 0.40000 0.40000 0.90196
4 1560 1561 1559 1558 0.40000 0.40000 0.90196
4 1561 1624 1625 1559 0.40000 0.40000 0.90196
4 1560 1562 1563 1561 0.40000 0.40000 0.90196
4 1526 1525 1524 1527 0.40000 0.40000 0.90196
4 1472 1474 1475 1473 0.40000 0.40000 0.90196
4 1476 1475 1474 1477 0.40000 0.40000 0.90196
4 134 133 136 137 0.40000 0.40000 0.90196
4 128 129 127 126 0.40000 0.40000 0.90196
4 115 116 117 114 0.40000 0.40000 0.90196
4 124 125 113 114 0.40000 0.40000 0.90196
4 1530 1531 1468 1471 0.40000 0.40000 0.90196
4 1532 1533 1467 1468 0.40000 0.40000 0.90196
4 1533 1532 1534 1535 0.40000 0.40000 0.90196
4 1568 1570 1571 1569 0.40000 0.40000 0.90196
4 1562 1568 1569 1563 0.40000 0.40000 0.90196
4 1522 1523 1473 1475 0.40000 0.40000 0.90196
4 1522 1524 1525 1523 0.40000 0.40000 0.90196
4 114 113 112 115 0.40000 0.40000 0.90196
4 56 57 55 54 0.40000 0.40000 0.90196
4 52 55 58 59 0.40000 0.40000 0.90196
4 1734 1735 1719 1721 0.40000 0.40000 0.90196
4 52 53 54 55 0.40000 0.40000 0.90196
4 108 110 126 127 0.40000 0.40000 0.90196
4 112 113 110 111 0.40000 0.40000 0.90196
4 108 106 107 109 0.40000 0.40000 0.90196
4 110 108 109 111 0.40000 0.40000 0.90196
4 50 51 49 48 0.40000 0.40000 0.90196
4 52 50 48 53 0.40000 0.40000 0.90196
4 60 51 50 61 0.40000 0.40000 0.90196
4 1528 1529 1473 1523 0.40000 0.40000 0.90196
4 1562 1560 1564 1565 0.40000 0.40000 0.90196
4 1566 1567 1565 1564 0.40000 0.40000 0.90196
