OFF
872 1742 0
15.70820393249937 17.56230589874905 28.41640786499873
15.56230589874905 33.65247584249853 -2
12.32623792124926 34.65247584249853 -5.618033988749895
11.32623792124926 35.27050983124842 0
23.41640786499873 28.79837387624884 1
12.32623792124926 34.65247584249853 5.618033988749895
15.56230589874905 33.65247584249853 2
16.56230589874906 33.03444185374862 3.618033988749895
17.94427190999916 20.18033988749895 24.79837387624884
16.56230589874906 32.03444185374862 8.47213595499958
19.79837387624885 31.03444185374862 4.854101966249685
21.41640786499874 29.03444185374862 9.090169943749473
25.03444185374863 26.79837387624884 5.23606797749979
18.18033988749895 30.03444185374862 12.70820393249937
21.41640786499874 30.03444185374862 4.23606797749979
25.03444185374863 25.79837387624884 10.09016994374948
21.79837387624884 26.79837387624885 13.70820393249937
20.18033988749895 24.79837387624884 17.94427190999916
25.41640786499873 23.56230589874906 12.70820393249937
29.65247584249852 18.94427190999916 12.32623792124926
24.79837387624884 17.94427190999916 20.18033988749895
21.18033988749895 21.18033988749895 21.18033988749895
26.41640786499874 19.94427190999916 15.94427190999916
28.41640786499874 15.70820393249937 17.56230589874906
22.79837387624884 23.18033988749895 16.94427190999916
-17.94427190999916 20.18033988749894 24.79837387624884
-36.27050983124841 4.854101966249684 4.854101966249685
-37.27050983124841 -1 0
-36.27050983124841 -4.854101966249685 4.854101966249685
8.090169943749473 36.27050983124842 3.618033988749895
4.854101966249685 36.27050983124841 4.854101966249685
3.23606797749979 35.27050983124841 9.47213595499958
0 36.27050983124841 5.854101966249685
0 37.27050983124841 1
-3.23606797749979 35.27050983124841 9.47213595499958
-4.854101966249685 4.854101966249685 -36.27050983124842
8.47213595499958 16.56230589874906 32.03444185374862
12.70820393249937 18.18033988749895 30.03444185374862
17.56230589874905 28.41640786499874 15.70820393249937
12.70820393249937 25.41640786499873 23.56230589874905
15.94427190999916 26.41640786499873 19.94427190999916
13.70820393249937 21.79837387624884 26.79837387624884
16.94427190999916 22.79837387624884 23.18033988749895
3.618033988749895 16.56230589874906 33.03444185374862
-4.854101966249685 4.854101966249685 36.27050983124842
-37.27050983124841 0 4.854101966249686
28.65247584249853 22.56230589874905 9.090169943749476
30.65247584249852 18.32623792124927 10.70820393249937
12.32623792124926 33.65247584249853 10.47213595499958
8.090169943749473 35.27050983124842 8.47213595499958
28.65247584249852 23.56230589874905 4.23606797749979
27.03444185374862 25.56230589874905 0
19.94427190999916 15.94427190999916 26.41640786499874
23.18033988749895 16.94427190999916 22.79837387624884
-2 15.56230589874906 33.65247584249852
0 11.32623792124926 35.27050983124842
2 15.56230589874906 33.65247584249852
-3.618033988749895 8.090169943749475 36.27050983124842
-19.94427190999915 15.94427190999916 26.41640786499874
-18.94427190999916 12.32623792124926 29.65247584249852
-8.47213595499958 8.090169943749473 35.27050983124842
-12.70820393249937 9.708203932499371 33.27050983124842
-12.09016994374947 4.854101966249685 34.27050983124842
-20.56230589874905 4.854101966249685 30.27050983124841
-16.32623792124926 6.472135954999581 32.27050983124842
-18.32623792124926 10.70820393249937 30.65247584249852
-17.32623792124926 1.618033988749895 32.27050983124841
-23.56230589874905 12.70820393249937 25.41640786499873
-37.27050983124841 1 0
-23.18033988749894 16.94427190999916 22.79837387624884
-32.27050983124841 17.32623792124927 1.618033988749895
12.09016994374947 -4.854101966249685 -34.27050983124842
-15.56230589874905 33.65247584249853 -2
-4.854101966249685 34.27050983124841 12.09016994374947
-4.854101966249685 36.27050983124841 -4.854101966249685
4.854101966249685 37.27050983124841 0
8.090169943749475 36.27050983124841 -3.618033988749895
0 37.27050983124841 -1
0 36.27050983124841 -5.854101966249685
4.854101966249685 36.27050983124841 -4.854101966249685
3.23606797749979 35.27050983124841 -9.47213595499958
-8.090169943749475 35.27050983124842 -8.47213595499958
-3.23606797749979 35.27050983124841 -9.47213595499958
-9.708203932499369 33.27050983124842 -12.70820393249937
-15.70820393249937 17.56230589874905 -28.41640786499874
-25.03444185374862 25.79837387624884 -10.09016994374948
-10.70820393249937 30.65247584249852 -18.32623792124926
-17.56230589874905 28.41640786499873 -15.70820393249937
-20.18033988749895 24.79837387624884 -17.94427190999916
-12.70820393249937 25.41640786499874 -23.56230589874905
-15.94427190999916 26.41640786499873 -19.94427190999916
-16.94427190999916 22.79837387624884 -23.18033988749895
-12.32623792124926 29.65247584249852 -18.94427190999916
-18.32623792124926 10.70820393249937 -30.65247584249852
-18.94427190999916 12.32623792124927 -29.65247584249852
-25.41640786499873 23.56230589874906 -12.70820393249937
-21.79837387624884 26.79837387624884 -13.70820393249937
-22.79837387624884 23.18033988749895 -16.94427190999916
10.47213595499958 12.32623792124926 33.65247584249853
5.618033988749896 12.32623792124926 34.65247584249852
30.27050983124841 20.56230589874905 4.854101966249686
32.27050983124841 17.32623792124927 -1.618033988749895
15.70820393249937 17.56230589874905 -28.41640786499873
33.27050983124842 12.70820393249937 -9.708203932499369
-12.70820393249937 9.708203932499371 -33.27050983124842
28.65247584249852 23.56230589874905 -4.23606797749979
30.65247584249852 18.32623792124927 -10.70820393249937
30.27050983124841 20.56230589874905 -4.854101966249685
30.27050983124841 21.56230589874906 0
32.27050983124842 16.32623792124927 -6.47213595499958
17.94427190999916 20.18033988749895 -24.79837387624884
23.56230589874906 12.70820393249937 -25.41640786499873
19.94427190999916 15.94427190999916 -26.41640786499874
18.94427190999916 12.32623792124926 -29.65247584249852
23.18033988749895 16.94427190999916 -22.79837387624884
28.41640786499874 15.70820393249937 -17.56230589874905
26.79837387624885 13.70820393249937 -21.79837387624884
24.79837387624884 17.94427190999916 -20.18033988749895
12.70820393249937 25.41640786499874 -23.56230589874905
13.70820393249937 21.79837387624884 -26.79837387624884
16.94427190999916 22.79837387624884 -23.18033988749895
13.94427190999916 31.65247584249852 14.70820393249937
12.32623792124927 29.65247584249852 18.94427190999916
9.708203932499371 33.27050983124842 12.70820393249937
21.18033988749895 21.18033988749895 -21.18033988749895
33.65247584249853 2 15.56230589874905
32.27050983124842 16.32623792124927 6.472135954999581
32.27050983124841 17.32623792124927 1.618033988749895
33.27050983124842 12.70820393249937 9.708203932499369
33.65247584249853 10.47213595499958 12.32623792124926
34.65247584249853 5.618033988749896 12.32623792124926
31.65247584249853 14.70820393249937 13.94427190999916
14.70820393249937 13.94427190999916 31.65247584249852
18.94427190999916 12.32623792124927 29.65247584249852
26.79837387624884 13.70820393249937 21.79837387624885
23.56230589874906 12.70820393249937 25.41640786499873
-5.618033988749895 12.32623792124926 34.65247584249852
-35.27050983124841 9.47213595499958 -3.23606797749979
-36.27050983124841 5.854101966249685 0
-36.27050983124841 4.854101966249685 -4.854101966249685
-35.27050983124841 9.47213595499958 3.23606797749979
-32.27050983124841 17.32623792124927 -1.618033988749895
-30.27050983124841 21.56230589874906 0
-34.27050983124841 13.09016994374947 0
-28.41640786499873 15.70820393249937 17.56230589874906
-26.79837387624884 13.70820393249937 21.79837387624885
-24.79837387624884 17.94427190999916 20.18033988749895
-34.27050983124841 12.09016994374947 4.854101966249686
-30.65247584249852 18.32623792124927 10.70820393249937
-32.27050983124842 16.32623792124927 6.472135954999581
-30.27050983124841 20.56230589874905 4.854101966249686
-33.65247584249853 10.47213595499958 12.32623792124927
-35.27050983124842 8.472135954999578 8.090169943749476
-31.65247584249852 14.70820393249937 13.94427190999916
-33.27050983124842 12.70820393249937 9.708203932499369
-30.03444185374863 12.70820393249937 18.18033988749895
-9.708203932499369 33.27050983124842 12.70820393249937
-20.56230589874905 4.854101966249682 -30.27050983124841
3.618033988749895 8.090169943749473 -36.27050983124842
12.70820393249937 -9.708203932499369 -33.27050983124842
16.94427190999916 -22.79837387624884 -23.18033988749895
20.18033988749895 -24.79837387624884 -17.94427190999916
-6.47213595499958 32.27050983124842 -16.32623792124926
-4.854101966249685 34.27050983124841 -12.09016994374947
-4.854101966249685 30.27050983124841 -20.56230589874905
-13.70820393249937 21.79837387624884 -26.79837387624884
-9.090169943749473 28.65247584249853 -22.56230589874905
-23.41640786499873 28.79837387624884 -1
-27.03444185374862 25.56230589874905 0
-25.03444185374862 26.79837387624884 -5.23606797749979
-23.41640786499873 28.79837387624884 1
-21.41640786499874 30.03444185374862 -4.23606797749979
-28.65247584249852 23.56230589874905 -4.23606797749979
-17.94427190999915 20.18033988749895 -24.79837387624884
12.70820393249937 9.708203932499371 33.27050983124842
0 -11.32623792124926 35.27050983124842
3.618033988749895 -8.090169943749475 36.27050983124842
-2 -15.56230589874905 33.65247584249852
-1 -23.41640786499873 28.79837387624884
3.23606797749979 -35.27050983124841 9.47213595499958
4.854101966249685 -36.27050983124841 4.854101966249685
-4.854101966249685 -30.27050983124841 20.56230589874905
1.618033988749895 -32.27050983124841 17.32623792124926
8.881784197001252e-16 -30.27050983124841 21.56230589874905
-4.23606797749979 -28.65247584249852 23.56230589874905
4.854101966249686 -30.27050983124841 20.56230589874905
4.236067977499791 -28.65247584249852 23.56230589874905
0 -27.03444185374862 25.56230589874905
-23.56230589874905 4.23606797749979 28.65247584249853
-25.79837387624884 10.09016994374948 25.03444185374863
-22.56230589874905 9.090169943749476 28.65247584249852
-28.79837387624884 -1 23.41640786499874
-28.79837387624884 1 23.41640786499874
-30.03444185374862 4.23606797749979 21.41640786499874
-31.03444185374862 4.854101966249684 19.79837387624884
-31.03444185374862 -4.854101966249685 19.79837387624884
-25.56230589874905 0 27.03444185374863
-29.03444185374862 9.090169943749473 21.41640786499874
-26.79837387624884 5.23606797749979 25.03444185374863
-32.03444185374862 8.47213595499958 16.56230589874905
-34.65247584249853 -5.618033988749895 12.32623792124926
-32.03444185374862 -8.47213595499958 16.56230589874905
-36.27050983124842 -3.618033988749895 8.090169943749476
-33.03444185374862 -3.618033988749895 16.56230589874905
3.618033988749895 -16.56230589874905 33.03444185374862
5.618033988749895 -12.32623792124926 34.65247584249852
8.47213595499958 -16.56230589874905 32.03444185374862
2 -15.56230589874905 33.65247584249852
10.47213595499958 -12.32623792124926 33.65247584249853
35.27050983124842 8.47213595499958 -8.090169943749475
34.27050983124841 12.09016994374947 -4.854101966249685
36.27050983124841 4.854101966249685 -4.854101966249685
35.27050983124841 9.47213595499958 3.23606797749979
35.27050983124842 8.472135954999578 8.090169943749476
34.27050983124841 13.09016994374947 0
36.27050983124841 5.854101966249685 0
34.27050983124841 12.09016994374947 4.854101966249685
35.27050983124841 9.47213595499958 -3.23606797749979
36.27050983124841 4.854101966249685 4.854101966249685
18.94427190999916 -12.32623792124926 -29.65247584249852
19.94427190999916 -15.94427190999916 -26.41640786499874
17.94427190999916 -20.18033988749895 -24.79837387624884
23.18033988749895 -16.94427190999916 -22.79837387624884
36.27050983124842 3.618033988749896 -8.090169943749475
10.09016994374948 25.03444185374863 -25.79837387624884
9.090169943749476 21.41640786499874 -29.03444185374862
12.70820393249937 18.18033988749895 -30.03444185374863
3.618033988749895 16.56230589874906 -33.03444185374862
5.618033988749896 12.32623792124926 -34.65247584249852
8.47213595499958 16.56230589874906 -32.03444185374862
4.854101966249685 19.79837387624885 -31.03444185374862
5.236067977499789 25.03444185374863 -26.79837387624884
4.236067977499789 21.41640786499874 -30.03444185374862
-1 23.41640786499873 28.79837387624884
-4.854101966249685 30.27050983124841 20.56230589874905
-6.47213595499958 32.27050983124842 16.32623792124926
-10.70820393249937 30.65247584249852 18.32623792124926
10.70820393249937 30.65247584249852 18.32623792124926
1.618033988749895 32.27050983124841 17.32623792124926
6.472135954999581 32.27050983124842 16.32623792124926
0 34.27050983124841 13.09016994374947
4.854101966249685 34.27050983124841 12.09016994374947
-1.618033988749895 32.27050983124841 17.32623792124926
4.854101966249686 19.79837387624884 31.03444185374862
0 30.27050983124841 21.56230589874905
4.854101966249682 30.27050983124841 20.56230589874905
-4.23606797749979 28.65247584249852 23.56230589874905
16.56230589874906 32.03444185374862 -8.47213595499958
16.56230589874906 33.03444185374862 -3.618033988749895
21.41640786499874 30.03444185374862 -4.23606797749979
25.03444185374863 26.79837387624884 -5.23606797749979
19.79837387624884 32.03444185374863 0
21.41640786499874 29.03444185374862 -9.090169943749476
23.41640786499873 28.79837387624884 -1
19.79837387624885 31.03444185374862 -4.854101966249685
17.56230589874905 28.41640786499873 -15.70820393249937
15.94427190999916 26.41640786499874 -19.94427190999916
12.32623792124927 29.65247584249852 -18.94427190999916
18.18033988749895 30.03444185374862 -12.70820393249937
20.18033988749895 24.79837387624884 -17.94427190999916
25.41640786499874 23.56230589874906 -12.70820393249937
28.65247584249853 22.56230589874905 -9.090169943749476
26.41640786499873 19.94427190999916 -15.94427190999916
21.79837387624884 26.79837387624884 -13.70820393249937
29.65247584249852 18.94427190999916 -12.32623792124926
22.79837387624884 23.18033988749895 -16.94427190999916
25.03444185374863 25.79837387624884 -10.09016994374948
28.41640786499874 -15.70820393249937 17.56230589874906
31.03444185374862 -4.854101966249685 19.79837387624884
29.03444185374862 -9.090169943749473 21.41640786499874
30.03444185374862 -4.23606797749979 21.41640786499874
32.03444185374862 8.472135954999578 16.56230589874906
33.03444185374862 3.618033988749896 16.56230589874905
30.03444185374863 12.70820393249937 18.18033988749895
18.32623792124926 10.70820393249937 30.65247584249852
-14.70820393249937 13.94427190999916 31.65247584249852
-15.70820393249937 17.56230589874905 28.41640786499873
-10.47213595499958 12.32623792124927 33.65247584249853
-29.03444185374862 -9.090169943749473 21.41640786499874
-30.03444185374862 -4.23606797749979 21.41640786499874
-30.03444185374863 -12.70820393249937 18.18033988749895
-28.65247584249852 22.56230589874906 -9.090169943749473
-29.65247584249852 18.94427190999916 -12.32623792124926
-30.27050983124841 20.56230589874905 -4.854101966249685
-33.27050983124842 12.70820393249937 -9.708203932499369
-32.27050983124842 16.32623792124927 -6.47213595499958
-34.27050983124841 12.09016994374947 -4.854101966249685
-30.65247584249852 18.32623792124927 -10.70820393249937
-35.27050983124842 8.47213595499958 -8.090169943749475
-12.70820393249937 25.41640786499873 23.56230589874905
-9.090169943749473 28.65247584249853 22.56230589874905
-25.03444185374862 26.79837387624884 5.23606797749979
-28.65247584249852 23.56230589874905 4.23606797749979
-21.41640786499874 30.03444185374862 4.23606797749979
-25.41640786499873 23.56230589874906 12.70820393249937
-26.41640786499873 19.94427190999916 15.94427190999916
-28.65247584249852 22.56230589874905 9.090169943749476
-29.65247584249852 18.94427190999916 12.32623792124926
-25.03444185374862 25.79837387624884 10.09016994374948
-21.41640786499874 29.03444185374862 9.090169943749475
-5.618033988749895 -12.32623792124926 -34.65247584249852
-4.854101966249685 -4.854101966249685 -36.27050983124842
-3.618033988749895 -8.090169943749475 -36.27050983124842
18.32623792124927 -10.70820393249937 -30.65247584249852
9.47213595499958 3.23606797749979 -35.27050983124842
9.47213595499958 -3.23606797749979 -35.27050983124842
8.47213595499958 -8.090169943749475 -35.27050983124842
-37.27050983124841 0 -4.854101966249685
12.32623792124926 -33.65247584249852 -10.47213595499958
13.70820393249937 -21.79837387624884 -26.79837387624884
15.70820393249937 -17.56230589874905 -28.41640786499874
2 -15.56230589874905 -33.65247584249852
0 -11.32623792124926 -35.27050983124842
3.618033988749895 -8.090169943749475 -36.27050983124842
-2 -15.56230589874905 -33.65247584249852
-4.854101966249685 -19.79837387624884 -31.03444185374862
-8.47213595499958 -16.56230589874905 -32.03444185374862
-3.618033988749895 -16.56230589874905 -33.03444185374862
22.79837387624884 -23.18033988749894 -16.94427190999916
21.79837387624884 -26.79837387624884 -13.70820393249937
21.18033988749895 -21.18033988749895 -21.18033988749895
-16.56230589874905 32.03444185374862 -8.47213595499958
-16.56230589874905 33.03444185374862 -3.618033988749895
-12.32623792124926 33.65247584249853 -10.47213595499958
-18.18033988749895 30.03444185374863 -12.70820393249937
-19.79837387624884 31.03444185374862 -4.854101966249685
-12.32623792124926 34.65247584249853 -5.618033988749895
-13.94427190999916 31.65247584249852 -14.70820393249937
-21.41640786499874 29.03444185374862 -9.090169943749473
0 34.27050983124841 -13.09016994374947
-1.618033988749895 32.27050983124841 -17.32623792124926
4.854101966249686 30.27050983124841 -20.56230589874905
0 30.27050983124841 -21.56230589874905
9.090169943749476 28.65247584249853 -22.56230589874905
4.236067977499791 28.65247584249852 -23.56230589874905
1.618033988749895 32.27050983124841 -17.32623792124926
9.708203932499371 33.27050983124842 -12.70820393249937
8.090169943749473 35.27050983124842 -8.47213595499958
13.94427190999916 31.65247584249852 -14.70820393249937
6.472135954999581 32.27050983124842 -16.32623792124926
12.32623792124927 33.65247584249853 -10.47213595499958
10.70820393249937 30.65247584249852 -18.32623792124926
4.854101966249685 34.27050983124841 -12.09016994374947
0 27.03444185374862 -25.56230589874905
1 23.41640786499873 -28.79837387624884
-4.23606797749979 28.65247584249852 -23.56230589874905
-4.23606797749979 21.41640786499874 -30.03444185374862
-5.23606797749979 25.03444185374863 -26.79837387624884
-1 23.41640786499873 -28.79837387624884
-10.09016994374947 25.03444185374863 -25.79837387624884
-26.79837387624884 13.70820393249937 -21.79837387624885
-28.41640786499873 15.70820393249937 -17.56230589874905
-24.79837387624884 17.94427190999916 -20.18033988749895
-23.18033988749894 16.94427190999916 -22.79837387624884
-23.56230589874905 12.70820393249937 -25.41640786499873
-26.41640786499873 19.94427190999916 -15.94427190999916
-21.18033988749894 21.18033988749895 -21.18033988749895
-19.94427190999916 15.94427190999916 -26.41640786499873
3.618033988749895 8.090169943749475 36.27050983124842
1 0 37.27050983124842
0 4.854101966249685 37.27050983124842
4.854101966249685 -4.854101966249685 36.27050983124842
-1 0 37.27050983124842
0 -4.854101966249685 37.27050983124842
-4.23606797749979 -21.41640786499873 30.03444185374862
-5.23606797749979 -25.03444185374863 26.79837387624884
-23.56230589874905 -4.23606797749979 28.65247584249853
-21.56230589874905 0 30.27050983124841
-26.79837387624884 -5.23606797749979 25.03444185374863
9.708203932499371 -33.27050983124842 12.70820393249937
6.472135954999581 -32.27050983124842 16.32623792124926
8.090169943749473 -35.27050983124842 8.47213595499958
10.70820393249937 -30.65247584249852 18.32623792124926
4.854101966249685 -34.27050983124841 12.09016994374947
-29.65247584249852 -18.94427190999916 12.32623792124926
-25.41640786499873 -23.56230589874905 12.70820393249937
-18.18033988749895 -30.03444185374862 12.70820393249937
-10.70820393249937 -30.65247584249852 18.32623792124926
-12.32623792124926 -33.65247584249852 10.47213595499958
-4.854101966249685 -34.27050983124841 12.09016994374947
-6.47213595499958 -32.27050983124842 16.32623792124926
0 -34.27050983124841 13.09016994374947
-1.618033988749895 -32.27050983124841 17.32623792124926
-9.708203932499369 -33.27050983124842 12.70820393249937
-4.854101966249685 -36.27050983124841 4.854101966249685
0 -36.27050983124841 5.854101966249685
-8.090169943749475 -35.27050983124842 8.47213595499958
0 -37.27050983124841 1
-3.23606797749979 -35.27050983124841 9.47213595499958
-12.32623792124926 -33.65247584249852 -10.47213595499958
23.18033988749895 -16.94427190999916 22.79837387624884
4.236067977499791 -21.41640786499874 30.03444185374862
0 -19.79837387624884 32.03444185374863
9.090169943749473 -21.41640786499874 29.03444185374862
5.23606797749979 -25.03444185374862 26.79837387624884
4.854101966249686 -19.79837387624884 31.03444185374862
1 -23.41640786499873 28.79837387624884
-33.65247584249853 2 15.56230589874905
-35.27050983124842 0 11.32623792124927
-34.65247584249853 5.618033988749896 12.32623792124926
-32.03444185374863 0 19.79837387624884
-36.27050983124842 3.618033988749895 8.090169943749476
-33.03444185374862 3.618033988749896 16.56230589874905
-33.65247584249853 -2 15.56230589874905
-33.65247584249853 -10.47213595499958 12.32623792124926
29.65247584249852 -18.94427190999916 12.32623792124926
25.03444185374863 -25.79837387624884 -10.09016994374948
28.65247584249852 -22.56230589874905 9.090169943749476
28.65247584249852 -23.56230589874905 4.23606797749979
30.27050983124841 -20.56230589874905 4.854101966249686
32.03444185374862 -8.472135954999578 16.56230589874906
30.03444185374863 -12.70820393249937 18.18033988749895
33.03444185374862 -3.618033988749895 16.56230589874905
31.65247584249853 -14.70820393249937 13.94427190999916
30.65247584249852 -18.32623792124926 10.70820393249937
32.27050983124842 -16.32623792124926 6.472135954999581
32.27050983124841 -17.32623792124926 1.618033988749895
33.27050983124842 -12.70820393249937 9.708203932499373
34.65247584249853 -5.618033988749895 12.32623792124926
35.27050983124842 0 11.32623792124927
33.65247584249853 -10.47213595499958 12.32623792124927
36.27050983124842 3.618033988749895 8.090169943749476
33.65247584249853 -2 15.56230589874905
30.27050983124841 -21.56230589874905 0
12.70820393249937 9.708203932499371 -33.27050983124842
8.47213595499958 8.090169943749475 -35.27050983124842
14.70820393249937 13.94427190999916 -31.65247584249852
10.47213595499958 12.32623792124926 -33.65247584249853
18.32623792124927 10.70820393249937 -30.65247584249852
25.79837387624884 10.09016994374948 -25.03444185374863
-8.47213595499958 16.56230589874906 -32.03444185374862
-10.47213595499958 12.32623792124927 -33.65247584249853
-12.70820393249937 18.18033988749895 -30.03444185374863
-4.854101966249685 19.79837387624884 -31.03444185374862
-14.70820393249937 13.94427190999916 -31.65247584249852
-9.090169943749475 21.41640786499874 -29.03444185374862
5.23606797749979 25.03444185374862 26.79837387624884
4.23606797749979 21.41640786499873 30.03444185374862
1 23.41640786499873 28.79837387624884
10.09016994374948 25.03444185374863 25.79837387624884
4.236067977499789 28.65247584249852 23.56230589874905
9.090169943749473 21.41640786499874 29.03444185374862
9.090169943749476 28.65247584249853 22.56230589874905
0 27.03444185374862 25.56230589874905
17.56230589874905 -28.41640786499873 15.70820393249937
22.79837387624884 -23.18033988749894 16.94427190999916
26.41640786499874 -19.94427190999916 15.94427190999916
21.79837387624884 -26.79837387624884 13.70820393249937
21.18033988749895 -21.18033988749895 21.18033988749895
25.41640786499873 -23.56230589874905 12.70820393249937
20.18033988749895 -24.79837387624884 17.94427190999916
24.79837387624884 -17.94427190999916 20.18033988749895
25.79837387624884 -10.09016994374947 25.03444185374863
26.79837387624884 -13.70820393249937 21.79837387624885
30.03444185374862 4.23606797749979 21.41640786499874
29.03444185374862 9.090169943749473 21.41640786499874
31.03444185374862 4.854101966249684 19.79837387624884
22.56230589874906 9.090169943749476 28.65247584249852
25.79837387624884 10.09016994374948 25.03444185374863
-10.09016994374947 25.03444185374863 25.79837387624884
-5.23606797749979 25.03444185374863 26.79837387624884
-13.70820393249937 21.79837387624884 26.79837387624884
-23.56230589874905 4.23606797749979 -28.65247584249853
-22.56230589874905 9.090169943749475 -28.65247584249852
-25.56230589874905 0 -27.03444185374863
-35.27050983124842 0 -11.32623792124926
-36.27050983124842 3.618033988749896 -8.090169943749475
-30.03444185374863 12.70820393249937 -18.18033988749895
-31.65247584249852 14.70820393249937 -13.94427190999916
-13.94427190999915 31.65247584249853 14.70820393249937
-18.18033988749895 30.03444185374863 12.70820393249937
-12.32623792124926 29.65247584249852 18.94427190999916
-20.18033988749894 24.79837387624884 17.94427190999916
-21.79837387624884 26.79837387624884 13.70820393249937
-21.18033988749895 21.18033988749895 21.18033988749895
-15.94427190999915 26.41640786499874 19.94427190999916
-22.79837387624884 23.18033988749895 16.94427190999916
-16.94427190999916 22.79837387624884 23.18033988749895
-17.56230589874905 28.41640786499873 15.70820393249937
-8.090169943749475 36.27050983124842 3.618033988749895
-8.090169943749475 35.27050983124842 8.47213595499958
-4.854101966249685 37.27050983124841 0
-11.32623792124926 35.27050983124842 0
-4.854101966249685 36.27050983124841 4.854101966249685
-8.090169943749475 36.27050983124842 -3.618033988749895
-16.56230589874905 33.03444185374862 3.618033988749895
-16.56230589874905 32.03444185374862 8.47213595499958
-19.79837387624884 32.03444185374863 0
-12.32623792124926 34.65247584249853 5.618033988749895
-19.79837387624884 31.03444185374862 4.854101966249685
-15.56230589874905 33.65247584249853 2
-12.32623792124926 33.65247584249853 10.47213595499958
-33.65247584249853 -2 -15.56230589874905
-5.23606797749979 -25.03444185374863 -26.79837387624884
-4.23606797749979 -21.41640786499873 -30.03444185374862
-4.23606797749979 -28.65247584249852 -23.56230589874905
-10.47213595499958 -12.32623792124926 -33.65247584249853
1 0 -37.27050983124842
0 -4.854101966249685 -37.27050983124842
0 4.854101966249685 -37.27050983124842
5.854101966249685 0 -36.27050983124842
-1 0 -37.27050983124842
4.854101966249685 4.854101966249685 -36.27050983124842
4.854101966249685 -4.854101966249685 -36.27050983124842
-9.708203932499369 -33.27050983124842 -12.70820393249937
-6.47213595499958 -32.27050983124842 -16.32623792124926
-4.854101966249685 -30.27050983124841 -20.56230589874905
-34.65247584249853 -5.618033988749895 -12.32623792124926
-36.27050983124842 -3.618033988749895 -8.090169943749475
-35.27050983124841 -9.47213595499958 -3.23606797749979
-36.27050983124841 -5.854101966249685 0
-36.27050983124841 -4.854101966249685 -4.854101966249685
-33.27050983124842 -12.70820393249937 -9.708203932499369
-35.27050983124842 -8.47213595499958 -8.090169943749475
-34.27050983124841 -12.09016994374947 -4.854101966249685
15.94427190999916 -26.41640786499873 -19.94427190999916
12.70820393249937 -25.41640786499873 -23.56230589874905
17.56230589874905 -28.41640786499873 -15.70820393249937
12.32623792124927 -29.65247584249852 -18.94427190999916
10.47213595499958 -12.32623792124926 -33.65247584249853
14.70820393249937 -13.94427190999916 -31.65247584249852
5.618033988749895 -12.32623792124926 -34.65247584249852
25.41640786499874 -23.56230589874905 -12.70820393249937
28.41640786499874 -15.70820393249937 -17.56230589874906
26.41640786499874 -19.94427190999916 -15.94427190999916
24.79837387624884 -17.94427190999916 -20.18033988749895
9.47213595499958 3.23606797749979 35.27050983124842
5.854101966249685 0 36.27050983124842
8.47213595499958 8.090169943749475 35.27050983124842
4.854101966249685 4.854101966249685 36.27050983124842
17.32623792124927 1.618033988749895 32.27050983124841
16.32623792124926 6.472135954999581 32.27050983124842
20.56230589874905 4.854101966249682 30.27050983124841
12.09016994374947 4.854101966249685 34.27050983124842
12.09016994374947 -4.854101966249685 34.27050983124842
8.47213595499958 -8.090169943749475 35.27050983124842
13.09016994374947 0 34.27050983124842
9.47213595499958 -3.23606797749979 35.27050983124842
-5.618033988749895 -12.32623792124926 34.65247584249852
-3.618033988749895 -8.090169943749475 36.27050983124842
-3.618033988749895 -16.56230589874905 33.03444185374862
-17.32623792124926 -1.618033988749895 32.27050983124841
-9.47213595499958 -3.23606797749979 35.27050983124842
-5.854101966249685 0 36.27050983124842
-13.09016994374947 0 34.27050983124842
-8.47213595499958 -8.090169943749475 35.27050983124842
-9.47213595499958 3.23606797749979 35.27050983124842
-12.09016994374947 -4.854101966249685 34.27050983124842
-4.854101966249685 -4.854101966249685 36.27050983124842
-8.472135954999578 -16.56230589874905 32.03444185374862
-10.47213595499958 -12.32623792124926 33.65247584249853
-4.854101966249685 -19.79837387624884 31.03444185374862
-16.32623792124926 -6.47213595499958 32.27050983124842
-12.70820393249937 -9.708203932499369 33.27050983124842
-20.56230589874905 -4.854101966249685 30.27050983124841
-18.32623792124926 -10.70820393249937 30.65247584249852
-23.56230589874905 -12.70820393249937 25.41640786499873
-22.56230589874905 -9.090169943749473 28.65247584249852
-18.94427190999916 -12.32623792124926 29.65247584249852
-25.79837387624884 -10.09016994374947 25.03444185374862
-12.32623792124926 -29.65247584249852 18.94427190999916
-20.18033988749895 -24.79837387624884 17.94427190999916
-17.56230589874905 -28.41640786499873 15.70820393249937
-21.79837387624884 -26.79837387624883 13.70820393249937
-13.94427190999916 -31.65247584249852 14.70820393249937
-28.65247584249852 -23.56230589874905 4.23606797749979
-25.03444185374862 -25.79837387624884 10.09016994374948
16.56230589874906 -32.03444185374862 8.47213595499958
18.18033988749895 -30.03444185374862 12.70820393249937
12.32623792124926 -33.65247584249852 10.47213595499958
13.94427190999915 -31.65247584249852 14.70820393249937
12.70820393249937 -25.41640786499873 23.56230589874905
15.94427190999916 -26.41640786499873 19.94427190999916
9.090169943749476 -28.65247584249852 22.56230589874905
12.32623792124927 -29.65247584249852 18.94427190999916
10.09016994374948 -25.03444185374862 25.79837387624884
16.94427190999916 -22.79837387624884 23.18033988749895
13.70820393249937 -21.79837387624884 26.79837387624884
12.70820393249937 -18.18033988749895 30.03444185374863
17.94427190999916 -20.18033988749895 24.79837387624884
-32.27050983124841 -17.32623792124926 -1.618033988749895
36.27050983124842 -3.618033988749895 -8.090169943749475
37.27050983124841 0 -4.854101966249685
37.27050983124841 1 0
36.27050983124841 -4.854101966249685 -4.854101966249685
37.27050983124841 0 4.854101966249686
36.27050983124842 -3.618033988749895 8.090169943749476
37.27050983124841 -1 0
35.27050983124841 -9.47213595499958 3.23606797749979
35.27050983124842 -8.47213595499958 8.090169943749475
36.27050983124841 -5.854101966249685 0
34.27050983124841 -12.09016994374947 4.854101966249685
36.27050983124841 -4.854101966249685 4.854101966249685
34.27050983124841 -12.09016994374947 -4.854101966249685
35.27050983124842 -8.47213595499958 -8.090169943749475
34.27050983124841 -13.09016994374947 0
35.27050983124841 -9.47213595499958 -3.23606797749979
32.27050983124841 -17.32623792124926 -1.618033988749895
30.65247584249852 -18.32623792124926 -10.70820393249937
28.65247584249853 -22.56230589874905 -9.090169943749476
32.27050983124842 -16.32623792124926 -6.47213595499958
29.65247584249852 -18.94427190999916 -12.32623792124926
30.27050983124841 -20.56230589874905 -4.854101966249685
33.27050983124842 -12.70820393249937 -9.708203932499369
20.56230589874905 -4.854101966249685 -30.27050983124841
22.56230589874906 9.090169943749476 -28.65247584249852
16.32623792124926 -6.47213595499958 -32.27050983124842
35.27050983124842 0 -11.32623792124926
-2 15.56230589874906 -33.65247584249852
0 11.32623792124926 -35.27050983124842
0 19.79837387624884 -32.03444185374863
-5.618033988749895 12.32623792124926 -34.65247584249852
2 15.56230589874906 -33.65247584249852
-3.618033988749895 16.56230589874906 -33.03444185374862
-3.618033988749895 8.090169943749475 -36.27050983124842
12.70820393249937 -9.708203932499369 33.27050983124842
18.94427190999916 -12.32623792124926 29.65247584249852
19.94427190999916 -15.94427190999916 26.41640786499874
14.70820393249937 -13.94427190999916 31.65247584249852
15.70820393249937 -17.56230589874905 28.41640786499874
23.56230589874906 -12.70820393249937 25.41640786499873
20.56230589874905 -4.854101966249685 30.27050983124841
16.32623792124927 -6.47213595499958 32.27050983124842
22.56230589874905 -9.090169943749475 28.65247584249852
17.32623792124927 -1.618033988749895 32.27050983124841
18.32623792124926 -10.70820393249937 30.65247584249852
25.56230589874905 0 27.03444185374862
23.56230589874905 -4.23606797749979 28.65247584249853
28.79837387624884 -1 23.41640786499874
28.79837387624884 1 23.41640786499874
23.56230589874905 4.23606797749979 28.65247584249853
26.79837387624884 -5.23606797749979 25.03444185374863
32.03444185374863 0 19.79837387624884
26.79837387624884 5.23606797749979 25.03444185374863
21.56230589874906 0 30.27050983124841
-4.854101966249685 19.79837387624885 31.03444185374862
-8.47213595499958 16.56230589874906 32.03444185374862
0 19.79837387624884 32.03444185374863
-9.090169943749475 21.41640786499874 29.03444185374862
-3.618033988749895 16.56230589874906 33.03444185374862
-4.23606797749979 21.41640786499874 30.03444185374862
-12.70820393249937 18.18033988749895 30.03444185374862
-30.03444185374862 4.23606797749979 -21.41640786499874
-29.03444185374862 9.090169943749473 -21.41640786499874
-26.79837387624884 5.23606797749979 -25.03444185374863
-28.79837387624884 1 -23.41640786499874
-25.79837387624884 10.09016994374948 -25.03444185374863
-33.03444185374862 3.618033988749895 -16.56230589874905
-34.65247584249853 5.618033988749896 -12.32623792124926
-32.03444185374862 8.472135954999578 -16.56230589874905
-33.65247584249853 2 -15.56230589874905
-31.03444185374862 4.854101966249685 -19.79837387624884
-33.65247584249853 10.47213595499958 -12.32623792124926
-28.79837387624884 -1 -23.41640786499874
-32.03444185374863 0 -19.79837387624884
-33.03444185374862 -3.618033988749895 -16.56230589874905
-9.47213595499958 -3.23606797749979 -35.27050983124842
-9.47213595499958 3.23606797749979 -35.27050983124842
-12.09016994374947 4.854101966249685 -34.27050983124842
-17.32623792124926 1.618033988749895 -32.27050983124841
-5.854101966249685 0 -36.27050983124842
-8.47213595499958 8.090169943749473 -35.27050983124842
-16.32623792124926 6.472135954999581 -32.27050983124842
-12.09016994374947 -4.854101966249685 -34.27050983124842
-13.09016994374947 0 -34.27050983124842
-8.47213595499958 -8.090169943749475 -35.27050983124842
10.70820393249937 -30.65247584249852 -18.32623792124926
9.708203932499371 -33.27050983124842 -12.70820393249937
9.090169943749476 -28.65247584249852 -22.56230589874905
13.94427190999916 -31.65247584249852 -14.70820393249937
-12.70820393249937 -18.18033988749895 -30.03444185374863
-9.090169943749475 -21.41640786499874 -29.03444185374862
-10.70820393249937 -30.65247584249852 -18.32623792124926
-19.79837387624884 -31.03444185374862 4.854101966249685
-21.41640786499874 -30.03444185374862 4.23606797749979
-23.41640786499873 -28.79837387624884 1
-19.79837387624884 -31.03444185374862 -4.854101966249684
-21.41640786499874 -29.03444185374862 9.090169943749473
-25.03444185374862 -26.79837387624884 5.23606797749979
-16.56230589874905 -32.03444185374862 -8.47213595499958
-16.56230589874905 -32.03444185374862 8.47213595499958
-21.41640786499874 -30.03444185374862 -4.23606797749979
-23.41640786499873 -28.79837387624884 -1
-27.03444185374862 -25.56230589874905 0
-21.41640786499874 -29.03444185374862 -9.090169943749473
-30.27050983124841 -20.56230589874905 -4.854101966249685
-28.65247584249852 -23.56230589874905 -4.23606797749979
-30.65247584249852 -18.32623792124926 -10.70820393249937
-32.27050983124842 -16.32623792124926 -6.47213595499958
-25.03444185374862 -26.79837387624884 -5.23606797749979
0 -27.03444185374862 -25.56230589874905
-1 -23.41640786499873 -28.79837387624884
4.236067977499791 -28.65247584249852 -23.56230589874905
5.23606797749979 -25.03444185374862 -26.79837387624884
10.09016994374948 -25.03444185374862 -25.79837387624884
1 -23.41640786499873 -28.79837387624884
4.854101966249685 -19.79837387624884 -31.03444185374862
0 -19.79837387624884 -32.03444185374863
9.090169943749476 -21.41640786499874 -29.03444185374862
8.47213595499958 -16.56230589874905 -32.03444185374862
4.236067977499791 -21.41640786499874 -30.03444185374862
12.70820393249937 -18.18033988749895 -30.03444185374862
3.618033988749895 -16.56230589874905 -33.03444185374862
19.79837387624885 -31.03444185374862 -4.854101966249685
21.41640786499874 -29.03444185374862 -9.090169943749473
16.56230589874906 -32.03444185374862 -8.47213595499958
18.18033988749895 -30.03444185374862 -12.70820393249937
23.41640786499873 -28.79837387624884 -1
25.03444185374863 -26.79837387624884 -5.23606797749979
27.03444185374862 -25.56230589874905 0
28.65247584249852 -23.56230589874905 -4.23606797749979
21.41640786499874 -30.03444185374862 -4.23606797749979
21.41640786499874 -30.03444185374862 4.23606797749979
25.03444185374862 -26.79837387624884 5.23606797749979
21.41640786499874 -29.03444185374862 9.090169943749473
25.03444185374863 -25.79837387624884 10.09016994374948
19.79837387624885 -31.03444185374862 4.854101966249685
23.41640786499873 -28.79837387624884 1
12.32623792124926 -34.65247584249852 -5.618033988749895
8.090169943749473 -36.27050983124842 -3.618033988749895
16.56230589874906 -33.03444185374862 -3.618033988749895
15.56230589874906 -33.65247584249852 2
11.32623792124926 -35.27050983124842 0
12.32623792124926 -34.65247584249852 5.618033988749895
19.79837387624884 -32.03444185374863 0
8.090169943749473 -36.27050983124842 3.618033988749895
16.56230589874906 -33.03444185374862 3.618033988749895
15.56230589874905 -33.65247584249852 -2
-13.70820393249937 -21.79837387624884 26.79837387624884
-15.70820393249937 -17.56230589874905 28.41640786499874
-17.94427190999916 -20.18033988749894 24.79837387624884
-12.70820393249937 -18.18033988749895 30.03444185374863
-16.94427190999916 -22.79837387624884 23.18033988749895
-10.09016994374947 -25.03444185374863 25.79837387624884
-12.70820393249937 -25.41640786499874 23.56230589874905
-19.94427190999916 -15.94427190999915 26.41640786499874
-14.70820393249937 -13.94427190999915 31.65247584249853
-9.090169943749475 -21.41640786499874 29.03444185374862
-9.090169943749475 -28.65247584249852 22.56230589874905
-15.94427190999916 -26.41640786499873 19.94427190999916
-24.79837387624884 -17.94427190999916 20.18033988749895
-26.41640786499873 -19.94427190999916 15.94427190999916
-26.79837387624884 -13.70820393249937 21.79837387624885
-21.18033988749894 -21.18033988749895 21.18033988749895
-28.41640786499873 -15.70820393249937 17.56230589874905
-23.18033988749894 -16.94427190999916 22.79837387624884
-22.79837387624884 -23.18033988749894 16.94427190999916
0 -37.27050983124841 -1
4.854101966249685 -36.27050983124841 -4.854101966249685
-4.854101966249685 -37.27050983124841 0
4.854101966249685 -37.27050983124841 0
8.090169943749473 -35.27050983124842 -8.47213595499958
-35.27050983124841 -9.47213595499958 3.23606797749979
17.32623792124927 1.618033988749895 -32.27050983124841
16.32623792124927 6.47213595499958 -32.27050983124841
13.09016994374947 0 -34.27050983124842
12.09016994374947 4.854101966249685 -34.27050983124842
17.32623792124927 -1.618033988749895 -32.27050983124841
20.56230589874905 4.854101966249682 -30.27050983124841
21.56230589874905 0 -30.27050983124841
23.56230589874906 -12.70820393249937 -25.41640786499873
31.65247584249853 -14.70820393249937 -13.94427190999916
-26.79837387624884 -5.23606797749979 -25.03444185374863
-30.03444185374862 -4.23606797749979 -21.41640786499874
-29.03444185374862 -9.090169943749475 -21.41640786499874
-32.03444185374862 -8.47213595499958 -16.56230589874905
-25.79837387624884 -10.09016994374947 -25.03444185374862
-33.65247584249853 -10.47213595499958 -12.32623792124926
-31.03444185374862 -4.854101966249685 -19.79837387624884
-21.56230589874905 0 -30.27050983124841
-23.56230589874905 -4.23606797749979 -28.65247584249853
-17.32623792124926 -1.618033988749895 -32.27050983124841
-18.32623792124926 -10.70820393249937 -30.65247584249852
-16.32623792124926 -6.47213595499958 -32.27050983124842
-20.56230589874905 -4.854101966249685 -30.27050983124841
-12.70820393249937 -9.708203932499369 -33.27050983124842
1.618033988749895 -32.27050983124841 -17.32623792124926
8.881784197001252e-16 -30.27050983124841 -21.56230589874905
6.472135954999581 -32.27050983124842 -16.32623792124926
-1.618033988749895 -32.27050983124841 -17.32623792124926
4.854101966249686 -30.27050983124841 -20.56230589874905
4.854101966249684 -34.27050983124841 -12.09016994374947
-13.94427190999916 -31.65247584249852 -14.70820393249937
-18.18033988749895 -30.03444185374862 -12.70820393249937
-9.090169943749475 -28.65247584249852 -22.56230589874905
-12.32623792124926 -29.65247584249852 -18.94427190999916
-10.09016994374947 -25.03444185374863 -25.79837387624884
-18.94427190999916 -12.32623792124926 -29.65247584249852
-14.70820393249937 -13.94427190999916 -31.65247584249852
-22.56230589874905 -9.090169943749475 -28.65247584249852
-12.32623792124926 -34.65247584249852 5.618033988749895
-8.090169943749475 -36.27050983124842 3.618033988749895
-16.56230589874905 -33.03444185374862 3.618033988749895
-15.56230589874905 -33.65247584249852 -2
-11.32623792124926 -35.27050983124842 0
-12.32623792124926 -34.65247584249852 -5.618033988749895
-19.79837387624884 -32.03444185374863 0
-8.090169943749475 -36.27050983124842 -3.618033988749895
-16.56230589874905 -33.03444185374862 -3.618033988749895
-15.56230589874905 -33.65247584249852 2
-3.23606797749979 -35.27050983124841 -9.47213595499958
0 -34.27050983124841 -13.09016994374947
-8.090169943749475 -35.27050983124842 -8.47213595499958
0 -36.27050983124841 -5.854101966249685
-4.854101966249685 -34.27050983124841 -12.09016994374947
-4.854101966249685 -36.27050983124841 -4.854101966249685
3.23606797749979 -35.27050983124841 -9.47213595499958
-32.27050983124842 -16.32623792124926 6.472135954999581
-33.27050983124842 -12.70820393249937 9.708203932499373
-30.65247584249852 -18.32623792124926 10.70820393249937
-34.27050983124841 -12.09016994374947 4.854101966249686
-32.27050983124841 -17.32623792124926 1.618033988749895
-30.27050983124841 -20.56230589874905 4.854101966249686
-31.65247584249852 -14.70820393249937 13.94427190999916
-35.27050983124842 -8.47213595499958 8.090169943749475
-34.27050983124841 -13.09016994374947 0
-28.65247584249852 -22.56230589874905 9.090169943749476
-30.27050983124841 -21.56230589874905 0
30.03444185374863 12.70820393249937 -18.18033988749895
31.65247584249853 14.70820393249937 -13.94427190999916
29.03444185374862 9.090169943749473 -21.41640786499874
28.79837387624884 1 -23.41640786499874
26.79837387624884 5.23606797749979 -25.03444185374863
30.03444185374862 4.23606797749979 -21.41640786499874
23.56230589874905 4.23606797749979 -28.65247584249853
26.79837387624884 -13.70820393249937 -21.79837387624885
34.65247584249853 -5.618033988749895 -12.32623792124926
33.65247584249853 -2 -15.56230589874905
33.65247584249853 -10.47213595499958 -12.32623792124926
-31.65247584249852 -14.70820393249937 -13.94427190999916
-30.03444185374863 -12.70820393249937 -18.18033988749895
-28.65247584249852 -22.56230589874905 -9.090169943749475
-25.03444185374862 -25.79837387624884 -10.09016994374948
-29.65247584249852 -18.94427190999916 -12.32623792124926
33.03444185374862 3.618033988749895 -16.56230589874905
34.65247584249853 5.618033988749896 -12.32623792124926
32.03444185374862 8.47213595499958 -16.56230589874905
33.65247584249853 2 -15.56230589874905
33.65247584249853 10.47213595499958 -12.32623792124926
31.03444185374862 4.854101966249685 -19.79837387624884
23.56230589874905 -4.23606797749979 -28.65247584249853
22.56230589874905 -9.090169943749475 -28.65247584249852
25.56230589874905 0 -27.03444185374863
32.03444185374862 -8.47213595499958 -16.56230589874905
33.03444185374862 -3.618033988749895 -16.56230589874905
30.03444185374863 -12.70820393249937 -18.18033988749895
-25.41640786499873 -23.56230589874905 -12.70820393249937
-21.79837387624884 -26.79837387624884 -13.70820393249937
-17.56230589874905 -28.41640786499873 -15.70820393249937
-15.94427190999916 -26.41640786499873 -19.94427190999916
-12.70820393249937 -25.41640786499873 -23.56230589874905
-20.18033988749895 -24.79837387624884 -17.94427190999916
-26.41640786499873 -19.94427190999916 -15.94427190999916
-28.41640786499873 -15.70820393249937 -17.56230589874906
-22.79837387624884 -23.18033988749894 -16.94427190999916
-26.79837387624884 -13.70820393249937 -21.79837387624885
-23.56230589874905 -12.70820393249937 -25.41640786499873
-24.79837387624884 -17.94427190999916 -20.18033988749895
-17.94427190999916 -20.18033988749894 -24.79837387624884
-19.94427190999916 -15.94427190999915 -26.41640786499874
-13.70820393249937 -21.79837387624884 -26.79837387624884
-21.18033988749895 -21.18033988749894 -21.18033988749895
-15.70820393249937 -17.56230589874905 -28.41640786499873
-16.94427190999916 -22.79837387624884 -23.18033988749895
-23.18033988749894 -16.94427190999916 -22.79837387624884
30.03444185374862 -4.23606797749979 -21.41640786499874
29.03444185374862 -9.090169943749473 -21.41640786499874
32.03444185374863 0 -19.79837387624884
26.79837387624884 -5.23606797749979 -25.03444185374863
31.03444185374862 -4.854101966249684 -19.79837387624884
28.79837387624884 -1 -23.41640786499874
25.79837387624884 -10.09016994374947 -25.03444185374863
4 253 251 4 51 0.40000 0.40000 0.90196
4 12 50 51 4 0.40000 0.40000 0.90196
4 0 132 133 52 0.40000 0.40000 0.90196
4 0 52 8 41 0.40000 0.40000 0.90196
4 8 52 53 21 0.40000 0.40000 0.90196
4 95 281 85 96 0.40000 0.40000 0.90196
4 176 175 207 205 0.40000 0.40000 0.90196
4 41 37 132 0 0.40000 0.40000 0.90196
4 36 37 441 243 0.40000 0.40000 0.90196
4 360 358 55 57 0.40000 0.40000 0.90196
4 28 510 752 814 0.40000 0.40000 0.90196
4 202 45 28 814 0.40000 0.40000 0.90196
4 109 107 108 101 0.40000 0.40000 0.90196
4 131 128 126 47 0.40000 0.40000 0.90196
4 120 256 259 124 0.40000 0.40000 0.90196
4 5 29 49 48 0.40000 0.40000 0.90196
4 248 247 340 2 0.40000 0.40000 0.90196
4 29 5 6 3 0.40000 0.40000 0.90196
4 29 3 76 75 0.40000 0.40000 0.90196
4 337 76 2 340 0.40000 0.40000 0.90196
4 248 2 1 251 0.40000 0.40000 0.90196
4 251 1 3 6 0.40000 0.40000 0.90196
4 76 3 1 2 0.40000 0.40000 0.90196
4 4 251 14 12 0.40000 0.40000 0.90196
4 6 5 7 251 0.40000 0.40000 0.90196
4 9 7 5 48 0.40000 0.40000 0.90196
4 14 251 10 11 0.40000 0.40000 0.90196
4 9 10 251 7 0.40000 0.40000 0.90196
4 21 42 41 8 0.40000 0.40000 0.90196
4 121 13 9 48 0.40000 0.40000 0.90196
4 9 13 11 10 0.40000 0.40000 0.90196
4 13 121 38 16 0.40000 0.40000 0.90196
4 42 21 17 40 0.40000 0.40000 0.90196
4 40 17 16 38 0.40000 0.40000 0.90196
4 16 15 11 13 0.40000 0.40000 0.90196
4 15 46 50 12 0.40000 0.40000 0.90196
4 11 15 12 14 0.40000 0.40000 0.90196
4 46 19 131 47 0.40000 0.40000 0.90196
4 15 16 18 46 0.40000 0.40000 0.90196
4 19 46 18 22 0.40000 0.40000 0.90196
4 17 21 24 16 0.40000 0.40000 0.90196
4 18 16 24 22 0.40000 0.40000 0.90196
4 273 131 23 134 0.40000 0.40000 0.90196
4 22 23 131 19 0.40000 0.40000 0.90196
4 134 20 21 53 0.40000 0.40000 0.90196
4 22 20 134 23 0.40000 0.40000 0.90196
4 24 21 20 22 0.40000 0.40000 0.90196
4 136 277 60 57 0.40000 0.40000 0.90196
4 546 543 44 60 0.40000 0.40000 0.90196
4 360 57 60 44 0.40000 0.40000 0.90196
4 60 277 275 61 0.40000 0.40000 0.90196
4 67 58 69 145 0.40000 0.40000 0.90196
4 477 474 25 461 0.40000 0.40000 0.90196
4 58 276 461 25 0.40000 0.40000 0.90196
4 69 58 25 474 0.40000 0.40000 0.90196
4 45 26 138 68 0.40000 0.40000 0.90196
4 26 45 401 152 0.40000 0.40000 0.90196
4 26 152 140 138 0.40000 0.40000 0.90196
4 281 283 142 172 0.40000 0.40000 0.90196
4 172 142 292 168 0.40000 0.40000 0.90196
4 45 27 510 28 0.40000 0.40000 0.90196
4 307 27 45 68 0.40000 0.40000 0.90196
4 27 307 511 510 0.40000 0.40000 0.90196
4 519 521 313 306 0.40000 0.40000 0.90196
4 81 323 326 484 0.40000 0.40000 0.90196
4 77 481 33 75 0.40000 0.40000 0.90196
4 75 30 49 29 0.40000 0.40000 0.90196
4 32 30 75 33 0.40000 0.40000 0.90196
4 241 49 31 240 0.40000 0.40000 0.90196
4 32 31 49 30 0.40000 0.40000 0.90196
4 32 34 240 31 0.40000 0.40000 0.90196
4 480 73 240 34 0.40000 0.40000 0.90196
4 33 481 483 32 0.40000 0.40000 0.90196
4 34 32 483 480 0.40000 0.40000 0.90196
4 357 84 434 94 0.40000 0.40000 0.90196
4 96 85 328 324 0.40000 0.40000 0.90196
4 84 357 173 165 0.40000 0.40000 0.90196
4 463 354 357 94 0.40000 0.40000 0.90196
4 661 658 662 104 0.40000 0.40000 0.90196
4 657 661 35 660 0.40000 0.40000 0.90196
4 660 35 499 501 0.40000 0.40000 0.90196
4 614 499 35 661 0.40000 0.40000 0.90196
4 637 43 36 243 0.40000 0.40000 0.90196
4 36 98 132 37 0.40000 0.40000 0.90196
4 99 98 36 43 0.40000 0.40000 0.90196
4 37 41 439 441 0.40000 0.40000 0.90196
4 38 121 122 40 0.40000 0.40000 0.90196
4 40 39 41 42 0.40000 0.40000 0.90196
4 439 41 39 442 0.40000 0.40000 0.90196
4 442 39 40 122 0.40000 0.40000 0.90196
4 235 242 240 73 0.40000 0.40000 0.90196
4 43 637 56 99 0.40000 0.40000 0.90196
4 55 358 99 56 0.40000 0.40000 0.90196
4 362 360 44 543 0.40000 0.40000 0.90196
4 177 392 207 175 0.40000 0.40000 0.90196
4 184 738 181 183 0.40000 0.40000 0.90196
4 398 401 45 202 0.40000 0.40000 0.90196
4 398 202 200 403 0.40000 0.40000 0.90196
4 199 194 197 155 0.40000 0.40000 0.90196
4 223 209 211 582 0.40000 0.40000 0.90196
4 223 582 581 607 0.40000 0.40000 0.90196
4 47 126 100 46 0.40000 0.40000 0.90196
4 50 46 100 108 0.40000 0.40000 0.90196
4 429 116 818 820 0.40000 0.40000 0.90196
4 120 124 110 119 0.40000 0.40000 0.90196
4 119 110 112 102 0.40000 0.40000 0.90196
4 119 102 426 226 0.40000 0.40000 0.90196
4 48 49 123 121 0.40000 0.40000 0.90196
4 239 123 49 241 0.40000 0.40000 0.90196
4 340 247 258 338 0.40000 0.40000 0.90196
4 108 105 51 50 0.40000 0.40000 0.90196
4 253 51 105 250 0.40000 0.40000 0.90196
4 125 632 422 419 0.40000 0.40000 0.90196
4 130 272 632 125 0.40000 0.40000 0.90196
4 129 213 128 131 0.40000 0.40000 0.90196
4 53 52 135 134 0.40000 0.40000 0.90196
4 457 135 52 133 0.40000 0.40000 0.90196
4 56 637 54 55 0.40000 0.40000 0.90196
4 54 637 639 136 0.40000 0.40000 0.90196
4 54 136 57 55 0.40000 0.40000 0.90196
4 190 59 58 67 0.40000 0.40000 0.90196
4 59 275 276 58 0.40000 0.40000 0.90196
4 59 190 65 275 0.40000 0.40000 0.90196
4 65 64 61 275 0.40000 0.40000 0.90196
4 640 637 233 460 0.40000 0.40000 0.90196
4 62 544 546 60 0.40000 0.40000 0.90196
4 60 61 64 62 0.40000 0.40000 0.90196
4 64 66 544 62 0.40000 0.40000 0.90196
4 367 541 544 66 0.40000 0.40000 0.90196
4 65 190 63 64 0.40000 0.40000 0.90196
4 63 190 188 367 0.40000 0.40000 0.90196
4 66 64 63 367 0.40000 0.40000 0.90196
4 67 145 189 190 0.40000 0.40000 0.90196
4 155 197 189 145 0.40000 0.40000 0.90196
4 147 143 140 152 0.40000 0.40000 0.90196
4 143 147 149 70 0.40000 0.40000 0.90196
4 143 70 142 141 0.40000 0.40000 0.90196
4 68 138 139 307 0.40000 0.40000 0.90196
4 288 466 307 139 0.40000 0.40000 0.90196
4 474 146 145 69 0.40000 0.40000 0.90196
4 146 474 476 295 0.40000 0.40000 0.90196
4 292 142 150 296 0.40000 0.40000 0.90196
4 150 142 70 149 0.40000 0.40000 0.90196
4 463 157 769 462 0.40000 0.40000 0.90196
4 755 71 306 305 0.40000 0.40000 0.90196
4 71 755 757 606 0.40000 0.40000 0.90196
4 756 755 304 425 0.40000 0.40000 0.90196
4 71 606 159 306 0.40000 0.40000 0.90196
4 748 751 719 750 0.40000 0.40000 0.90196
4 484 326 72 482 0.40000 0.40000 0.90196
4 487 490 482 72 0.40000 0.40000 0.90196
4 72 326 322 487 0.40000 0.40000 0.90196
4 73 480 156 235 0.40000 0.40000 0.90196
4 469 236 235 156 0.40000 0.40000 0.90196
4 236 469 471 290 0.40000 0.40000 0.90196
4 481 74 81 484 0.40000 0.40000 0.90196
4 78 82 81 74 0.40000 0.40000 0.90196
4 78 74 481 77 0.40000 0.40000 0.90196
4 337 79 75 76 0.40000 0.40000 0.90196
4 77 75 79 78 0.40000 0.40000 0.90196
4 164 332 345 166 0.40000 0.40000 0.90196
4 79 337 80 78 0.40000 0.40000 0.90196
4 80 329 82 78 0.40000 0.40000 0.90196
4 80 337 342 329 0.40000 0.40000 0.90196
4 323 81 83 327 0.40000 0.40000 0.90196
4 329 163 81 82 0.40000 0.40000 0.90196
4 83 81 163 162 0.40000 0.40000 0.90196
4 162 86 327 83 0.40000 0.40000 0.90196
4 86 162 164 166 0.40000 0.40000 0.90196
4 165 432 434 84 0.40000 0.40000 0.90196
4 85 281 172 169 0.40000 0.40000 0.90196
4 328 85 169 171 0.40000 0.40000 0.90196
4 327 87 96 324 0.40000 0.40000 0.90196
4 356 97 96 88 0.40000 0.40000 0.90196
4 90 88 96 87 0.40000 0.40000 0.90196
4 166 92 327 86 0.40000 0.40000 0.90196
4 87 327 92 90 0.40000 0.40000 0.90196
4 356 91 165 173 0.40000 0.40000 0.90196
4 90 91 356 88 0.40000 0.40000 0.90196
4 165 89 166 349 0.40000 0.40000 0.90196
4 90 89 165 91 0.40000 0.40000 0.90196
4 92 166 89 90 0.40000 0.40000 0.90196
4 104 662 93 434 0.40000 0.40000 0.90196
4 94 434 93 463 0.40000 0.40000 0.90196
4 93 662 157 463 0.40000 0.40000 0.90196
4 97 355 95 96 0.40000 0.40000 0.90196
4 355 282 281 95 0.40000 0.40000 0.90196
4 352 355 97 356 0.40000 0.40000 0.90196
4 499 614 609 158 0.40000 0.40000 0.90196
4 612 228 158 609 0.40000 0.40000 0.90196
4 427 425 158 228 0.40000 0.40000 0.90196
4 528 174 132 98 0.40000 0.40000 0.90196
4 98 99 358 528 0.40000 0.40000 0.90196
4 365 733 738 184 0.40000 0.40000 0.90196
4 191 368 366 196 0.40000 0.40000 0.90196
4 196 366 367 188 0.40000 0.40000 0.90196
4 790 378 680 792 0.40000 0.40000 0.90196
4 385 387 750 180 0.40000 0.40000 0.90196
4 385 179 381 388 0.40000 0.40000 0.90196
4 187 178 365 184 0.40000 0.40000 0.90196
4 178 187 396 392 0.40000 0.40000 0.90196
4 183 181 380 382 0.40000 0.40000 0.90196
4 381 182 183 382 0.40000 0.40000 0.90196
4 182 381 373 370 0.40000 0.40000 0.90196
4 742 280 813 744 0.40000 0.40000 0.90196
4 176 205 208 535 0.40000 0.40000 0.90196
4 361 363 176 535 0.40000 0.40000 0.90196
4 535 208 618 615 0.40000 0.40000 0.90196
4 100 126 127 108 0.40000 0.40000 0.90196
4 127 214 101 108 0.40000 0.40000 0.90196
4 109 101 214 210 0.40000 0.40000 0.90196
4 215 583 582 211 0.40000 0.40000 0.90196
4 218 585 583 215 0.40000 0.40000 0.90196
4 102 112 113 426 0.40000 0.40000 0.90196
4 605 428 426 113 0.40000 0.40000 0.90196
4 209 103 109 210 0.40000 0.40000 0.90196
4 103 209 838 819 0.40000 0.40000 0.90196
4 103 819 106 109 0.40000 0.40000 0.90196
4 429 822 824 605 0.40000 0.40000 0.90196
4 835 838 209 223 0.40000 0.40000 0.90196
4 119 226 225 224 0.40000 0.40000 0.90196
4 334 333 224 231 0.40000 0.40000 0.90196
4 226 426 427 229 0.40000 0.40000 0.90196
4 334 343 345 332 0.40000 0.40000 0.90196
4 661 104 434 431 0.40000 0.40000 0.90196
4 250 105 261 266 0.40000 0.40000 0.90196
4 106 819 264 261 0.40000 0.40000 0.90196
4 108 107 261 105 0.40000 0.40000 0.90196
4 106 261 107 109 0.40000 0.40000 0.90196
4 114 112 110 124 0.40000 0.40000 0.90196
4 113 112 111 605 0.40000 0.40000 0.90196
4 116 111 112 114 0.40000 0.40000 0.90196
4 116 429 605 111 0.40000 0.40000 0.90196
4 117 124 265 262 0.40000 0.40000 0.90196
4 114 124 117 116 0.40000 0.40000 0.90196
4 115 262 264 819 0.40000 0.40000 0.90196
4 115 819 818 116 0.40000 0.40000 0.90196
4 117 262 115 116 0.40000 0.40000 0.90196
4 257 256 118 333 0.40000 0.40000 0.90196
4 119 224 333 118 0.40000 0.40000 0.90196
4 119 118 256 120 0.40000 0.40000 0.90196
4 233 637 438 443 0.40000 0.40000 0.90196
4 122 121 237 442 0.40000 0.40000 0.90196
4 239 237 121 123 0.40000 0.40000 0.90196
4 263 265 124 259 0.40000 0.40000 0.90196
4 266 263 258 252 0.40000 0.40000 0.90196
4 631 452 269 270 0.40000 0.40000 0.90196
4 213 421 585 218 0.40000 0.40000 0.90196
4 130 421 213 129 0.40000 0.40000 0.90196
4 125 419 421 130 0.40000 0.40000 0.90196
4 127 126 216 214 0.40000 0.40000 0.90196
4 126 128 213 216 0.40000 0.40000 0.90196
4 129 271 272 130 0.40000 0.40000 0.90196
4 271 129 131 273 0.40000 0.40000 0.90196
4 407 449 447 715 0.40000 0.40000 0.90196
4 449 407 405 446 0.40000 0.40000 0.90196
4 446 405 413 267 0.40000 0.40000 0.90196
4 453 451 446 267 0.40000 0.40000 0.90196
4 133 132 274 457 0.40000 0.40000 0.90196
4 132 174 531 274 0.40000 0.40000 0.90196
4 632 628 631 270 0.40000 0.40000 0.90196
4 457 458 134 135 0.40000 0.40000 0.90196
4 273 134 458 455 0.40000 0.40000 0.90196
4 639 636 277 136 0.40000 0.40000 0.90196
4 201 280 278 195 0.40000 0.40000 0.90196
4 139 138 137 288 0.40000 0.40000 0.90196
4 143 137 138 140 0.40000 0.40000 0.90196
4 137 143 286 288 0.40000 0.40000 0.90196
4 285 141 142 283 0.40000 0.40000 0.90196
4 143 141 285 286 0.40000 0.40000 0.90196
4 465 508 307 466 0.40000 0.40000 0.90196
4 295 144 145 146 0.40000 0.40000 0.90196
4 155 145 144 153 0.40000 0.40000 0.90196
4 295 297 153 144 0.40000 0.40000 0.90196
4 154 149 147 152 0.40000 0.40000 0.90196
4 149 148 296 150 0.40000 0.40000 0.90196
4 296 148 153 297 0.40000 0.40000 0.90196
4 153 148 149 154 0.40000 0.40000 0.90196
4 152 401 399 151 0.40000 0.40000 0.90196
4 154 152 151 153 0.40000 0.40000 0.90196
4 199 151 399 402 0.40000 0.40000 0.90196
4 153 151 199 155 0.40000 0.40000 0.90196
4 156 480 491 469 0.40000 0.40000 0.90196
4 487 293 299 489 0.40000 0.40000 0.90196
4 293 487 170 291 0.40000 0.40000 0.90196
4 291 170 168 292 0.40000 0.40000 0.90196
4 769 157 662 659 0.40000 0.40000 0.90196
4 306 313 498 503 0.40000 0.40000 0.90196
4 499 158 425 502 0.40000 0.40000 0.90196
4 777 495 690 692 0.40000 0.40000 0.90196
4 309 310 220 221 0.40000 0.40000 0.90196
4 515 516 309 160 0.40000 0.40000 0.90196
4 221 320 160 309 0.40000 0.40000 0.90196
4 692 668 780 777 0.40000 0.40000 0.90196
4 220 310 520 219 0.40000 0.40000 0.90196
4 303 841 219 520 0.40000 0.40000 0.90196
4 159 606 303 520 0.40000 0.40000 0.90196
4 519 306 159 520 0.40000 0.40000 0.90196
4 697 317 300 314 0.40000 0.40000 0.90196
4 705 720 718 308 0.40000 0.40000 0.90196
4 719 751 308 718 0.40000 0.40000 0.90196
4 320 161 515 160 0.40000 0.40000 0.90196
4 161 320 318 319 0.40000 0.40000 0.90196
4 319 517 515 161 0.40000 0.40000 0.90196
4 522 599 406 319 0.40000 0.40000 0.90196
4 487 325 328 171 0.40000 0.40000 0.90196
4 289 461 459 290 0.40000 0.40000 0.90196
4 163 329 330 162 0.40000 0.40000 0.90196
4 332 164 162 330 0.40000 0.40000 0.90196
4 257 333 341 338 0.40000 0.40000 0.90196
4 432 165 349 435 0.40000 0.40000 0.90196
4 166 345 347 349 0.40000 0.40000 0.90196
4 170 487 167 168 0.40000 0.40000 0.90196
4 167 487 171 169 0.40000 0.40000 0.90196
4 172 168 167 169 0.40000 0.40000 0.90196
4 351 468 282 355 0.40000 0.40000 0.90196
4 173 357 353 356 0.40000 0.40000 0.90196
4 537 527 361 535 0.40000 0.40000 0.90196
4 533 531 174 528 0.40000 0.40000 0.90196
4 363 539 175 176 0.40000 0.40000 0.90196
4 177 175 539 538 0.40000 0.40000 0.90196
4 392 177 538 540 0.40000 0.40000 0.90196
4 178 392 364 365 0.40000 0.40000 0.90196
4 373 381 179 371 0.40000 0.40000 0.90196
4 180 750 725 371 0.40000 0.40000 0.90196
4 385 180 371 179 0.40000 0.40000 0.90196
4 672 505 504 782 0.40000 0.40000 0.90196
4 802 389 782 504 0.40000 0.40000 0.90196
4 181 738 377 380 0.40000 0.40000 0.90196
4 377 738 560 564 0.40000 0.40000 0.90196
4 791 386 378 790 0.40000 0.40000 0.90196
4 389 795 798 679 0.40000 0.40000 0.90196
4 715 447 568 714 0.40000 0.40000 0.90196
4 371 725 723 569 0.40000 0.40000 0.90196
4 370 185 183 182 0.40000 0.40000 0.90196
4 184 183 186 187 0.40000 0.40000 0.90196
4 573 186 183 185 0.40000 0.40000 0.90196
4 185 370 372 573 0.40000 0.40000 0.90196
4 570 574 573 372 0.40000 0.40000 0.90196
4 186 573 575 394 0.40000 0.40000 0.90196
4 396 187 186 394 0.40000 0.40000 0.90196
4 198 192 196 188 0.40000 0.40000 0.90196
4 188 190 189 198 0.40000 0.40000 0.90196
4 189 197 193 198 0.40000 0.40000 0.90196
4 403 200 203 400 0.40000 0.40000 0.90196
4 400 191 196 192 0.40000 0.40000 0.90196
4 400 193 197 194 0.40000 0.40000 0.90196
4 201 195 400 203 0.40000 0.40000 0.90196
4 400 279 368 191 0.40000 0.40000 0.90196
4 279 400 195 278 0.40000 0.40000 0.90196
4 198 193 400 192 0.40000 0.40000 0.90196
4 194 199 402 400 0.40000 0.40000 0.90196
4 404 200 202 814 0.40000 0.40000 0.90196
4 203 200 404 201 0.40000 0.40000 0.90196
4 813 280 201 404 0.40000 0.40000 0.90196
4 393 578 206 395 0.40000 0.40000 0.90196
4 206 578 618 208 0.40000 0.40000 0.90196
4 205 207 392 204 0.40000 0.40000 0.90196
4 208 205 204 206 0.40000 0.40000 0.90196
4 395 206 204 392 0.40000 0.40000 0.90196
4 210 214 217 209 0.40000 0.40000 0.90196
4 211 209 217 215 0.40000 0.40000 0.90196
4 213 212 214 216 0.40000 0.40000 0.90196
4 217 214 212 215 0.40000 0.40000 0.90196
4 212 213 218 215 0.40000 0.40000 0.90196
4 594 828 826 581 0.40000 0.40000 0.90196
4 841 760 220 219 0.40000 0.40000 0.90196
4 221 220 222 320 0.40000 0.40000 0.90196
4 825 222 220 760 0.40000 0.40000 0.90196
4 825 525 320 222 0.40000 0.40000 0.90196
4 223 607 837 835 0.40000 0.40000 0.90196
4 232 231 224 225 0.40000 0.40000 0.90196
4 232 225 230 610 0.40000 0.40000 0.90196
4 225 226 229 230 0.40000 0.40000 0.90196
4 228 612 610 227 0.40000 0.40000 0.90196
4 229 227 610 230 0.40000 0.40000 0.90196
4 227 229 427 228 0.40000 0.40000 0.90196
4 610 344 231 232 0.40000 0.40000 0.90196
4 344 343 334 231 0.40000 0.40000 0.90196
4 290 459 460 246 0.40000 0.40000 0.90196
4 460 233 443 246 0.40000 0.40000 0.90196
4 290 234 235 236 0.40000 0.40000 0.90196
4 242 235 234 244 0.40000 0.40000 0.90196
4 244 234 290 246 0.40000 0.40000 0.90196
4 239 245 442 237 0.40000 0.40000 0.90196
4 241 240 238 239 0.40000 0.40000 0.90196
4 244 238 240 242 0.40000 0.40000 0.90196
4 245 239 238 244 0.40000 0.40000 0.90196
4 243 441 437 637 0.40000 0.40000 0.90196
4 244 440 442 245 0.40000 0.40000 0.90196
4 246 443 440 244 0.40000 0.40000 0.90196
4 251 254 247 248 0.40000 0.40000 0.90196
4 258 247 254 252 0.40000 0.40000 0.90196
4 250 249 251 253 0.40000 0.40000 0.90196
4 254 251 249 252 0.40000 0.40000 0.90196
4 250 266 252 249 0.40000 0.40000 0.90196
4 338 255 256 257 0.40000 0.40000 0.90196
4 263 255 338 258 0.40000 0.40000 0.90196
4 259 256 255 263 0.40000 0.40000 0.90196
4 260 261 264 262 0.40000 0.40000 0.90196
4 262 265 263 260 0.40000 0.40000 0.90196
4 260 263 266 261 0.40000 0.40000 0.90196
4 412 418 422 632 0.40000 0.40000 0.90196
4 267 413 411 453 0.40000 0.40000 0.90196
4 453 411 269 452 0.40000 0.40000 0.90196
4 270 269 268 632 0.40000 0.40000 0.90196
4 412 632 268 410 0.40000 0.40000 0.90196
4 410 268 269 411 0.40000 0.40000 0.90196
4 632 272 271 456 0.40000 0.40000 0.90196
4 271 273 455 456 0.40000 0.40000 0.90196
4 451 453 390 448 0.40000 0.40000 0.90196
4 531 532 457 274 0.40000 0.40000 0.90196
4 275 641 461 276 0.40000 0.40000 0.90196
4 275 277 636 641 0.40000 0.40000 0.90196
4 278 559 368 279 0.40000 0.40000 0.90196
4 559 278 280 742 0.40000 0.40000 0.90196
4 468 287 281 282 0.40000 0.40000 0.90196
4 283 281 287 285 0.40000 0.40000 0.90196
4 288 284 468 652 0.40000 0.40000 0.90196
4 285 284 288 286 0.40000 0.40000 0.90196
4 287 468 284 285 0.40000 0.40000 0.90196
4 466 288 652 648 0.40000 0.40000 0.90196
4 477 461 289 475 0.40000 0.40000 0.90196
4 475 289 290 471 0.40000 0.40000 0.90196
4 473 470 299 298 0.40000 0.40000 0.90196
4 292 296 298 291 0.40000 0.40000 0.90196
4 291 298 299 293 0.40000 0.40000 0.90196
4 297 295 294 296 0.40000 0.40000 0.90196
4 296 294 473 298 0.40000 0.40000 0.90196
4 473 294 295 476 0.40000 0.40000 0.90196
4 489 299 470 486 0.40000 0.40000 0.90196
4 486 470 469 491 0.40000 0.40000 0.90196
4 464 653 654 645 0.40000 0.40000 0.90196
4 653 464 770 762 0.40000 0.40000 0.90196
4 770 464 462 769 0.40000 0.40000 0.90196
4 492 507 508 465 0.40000 0.40000 0.90196
4 493 691 690 495 0.40000 0.40000 0.90196
4 494 697 691 493 0.40000 0.40000 0.90196
4 316 496 300 317 0.40000 0.40000 0.90196
4 496 316 670 788 0.40000 0.40000 0.90196
4 665 302 300 496 0.40000 0.40000 0.90196
4 314 300 302 312 0.40000 0.40000 0.90196
4 498 313 312 302 0.40000 0.40000 0.90196
4 660 501 498 301 0.40000 0.40000 0.90196
4 665 656 660 301 0.40000 0.40000 0.90196
4 302 665 301 498 0.40000 0.40000 0.90196
4 303 606 604 841 0.40000 0.40000 0.90196
4 500 304 755 305 0.40000 0.40000 0.90196
4 305 306 503 500 0.40000 0.40000 0.90196
4 500 502 425 304 0.40000 0.40000 0.90196
4 784 506 505 672 0.40000 0.40000 0.90196
4 506 784 495 777 0.40000 0.40000 0.90196
4 508 513 511 307 0.40000 0.40000 0.90196
4 676 684 783 679 0.40000 0.40000 0.90196
4 782 389 679 783 0.40000 0.40000 0.90196
4 688 580 815 514 0.40000 0.40000 0.90196
4 308 751 667 669 0.40000 0.40000 0.90196
4 705 308 669 706 0.40000 0.40000 0.90196
4 517 319 706 669 0.40000 0.40000 0.90196
4 309 516 668 694 0.40000 0.40000 0.90196
4 698 701 309 694 0.40000 0.40000 0.90196
4 701 520 310 309 0.40000 0.40000 0.90196
4 313 521 311 312 0.40000 0.40000 0.90196
4 702 697 311 521 0.40000 0.40000 0.90196
4 697 314 312 311 0.40000 0.40000 0.90196
4 315 671 670 316 0.40000 0.40000 0.90196
4 697 494 671 315 0.40000 0.40000 0.90196
4 315 316 317 697 0.40000 0.40000 0.90196
4 319 406 704 706 0.40000 0.40000 0.90196
4 704 406 708 711 0.40000 0.40000 0.90196
4 319 318 524 522 0.40000 0.40000 0.90196
4 318 320 525 524 0.40000 0.40000 0.90196
4 321 322 326 323 0.40000 0.40000 0.90196
4 323 327 324 321 0.40000 0.40000 0.90196
4 324 328 325 321 0.40000 0.40000 0.90196
4 321 325 487 322 0.40000 0.40000 0.90196
4 330 329 335 332 0.40000 0.40000 0.90196
4 339 335 329 342 0.40000 0.40000 0.90196
4 332 331 333 334 0.40000 0.40000 0.90196
4 341 333 331 339 0.40000 0.40000 0.90196
4 339 331 332 335 0.40000 0.40000 0.90196
4 338 336 337 340 0.40000 0.40000 0.90196
4 339 336 338 341 0.40000 0.40000 0.90196
4 342 337 336 339 0.40000 0.40000 0.90196
4 344 610 348 343 0.40000 0.40000 0.90196
4 348 347 345 343 0.40000 0.40000 0.90196
4 346 610 433 435 0.40000 0.40000 0.90196
4 348 610 346 347 0.40000 0.40000 0.90196
4 435 349 347 346 0.40000 0.40000 0.90196
4 350 467 468 351 0.40000 0.40000 0.90196
4 350 351 355 352 0.40000 0.40000 0.90196
4 467 350 646 643 0.40000 0.40000 0.90196
4 352 356 353 350 0.40000 0.40000 0.90196
4 646 350 354 463 0.40000 0.40000 0.90196
4 350 353 357 354 0.40000 0.40000 0.90196
4 529 528 358 360 0.40000 0.40000 0.90196
4 363 359 360 362 0.40000 0.40000 0.90196
4 527 359 363 361 0.40000 0.40000 0.90196
4 529 360 359 527 0.40000 0.40000 0.90196
4 362 543 548 363 0.40000 0.40000 0.90196
4 554 552 541 367 0.40000 0.40000 0.90196
4 539 363 548 545 0.40000 0.40000 0.90196
4 364 392 551 737 0.40000 0.40000 0.90196
4 733 365 364 737 0.40000 0.40000 0.90196
4 549 551 392 540 0.40000 0.40000 0.90196
4 557 554 367 366 0.40000 0.40000 0.90196
4 366 368 559 557 0.40000 0.40000 0.90196
4 372 370 369 570 0.40000 0.40000 0.90196
4 370 373 371 369 0.40000 0.40000 0.90196
4 371 569 570 369 0.40000 0.40000 0.90196
4 749 747 750 387 0.40000 0.40000 0.90196
4 673 680 376 677 0.40000 0.40000 0.90196
4 680 378 564 376 0.40000 0.40000 0.90196
4 816 374 813 809 0.40000 0.40000 0.90196
4 374 741 744 813 0.40000 0.40000 0.90196
4 374 816 375 741 0.40000 0.40000 0.90196
4 375 563 746 741 0.40000 0.40000 0.90196
4 376 564 562 563 0.40000 0.40000 0.90196
4 678 674 677 566 0.40000 0.40000 0.90196
4 375 816 566 563 0.40000 0.40000 0.90196
4 563 566 677 376 0.40000 0.40000 0.90196
4 564 383 380 377 0.40000 0.40000 0.90196
4 383 564 378 386 0.40000 0.40000 0.90196
4 382 380 379 381 0.40000 0.40000 0.90196
4 388 381 379 386 0.40000 0.40000 0.90196
4 386 379 380 383 0.40000 0.40000 0.90196
4 384 749 387 385 0.40000 0.40000 0.90196
4 386 384 385 388 0.40000 0.40000 0.90196
4 386 791 749 384 0.40000 0.40000 0.90196
4 797 795 389 802 0.40000 0.40000 0.90196
4 722 725 750 719 0.40000 0.40000 0.90196
4 568 447 444 570 0.40000 0.40000 0.90196
4 444 572 574 570 0.40000 0.40000 0.90196
4 448 579 577 576 0.40000 0.40000 0.90196
4 578 393 575 577 0.40000 0.40000 0.90196
4 390 453 620 617 0.40000 0.40000 0.90196
4 448 390 617 579 0.40000 0.40000 0.90196
4 392 391 393 395 0.40000 0.40000 0.90196
4 394 575 393 391 0.40000 0.40000 0.90196
4 394 391 392 396 0.40000 0.40000 0.90196
4 397 399 401 398 0.40000 0.40000 0.90196
4 402 399 397 400 0.40000 0.40000 0.90196
4 398 403 400 397 0.40000 0.40000 0.90196
4 404 814 808 813 0.40000 0.40000 0.90196
4 405 407 414 413 0.40000 0.40000 0.90196
4 406 599 710 708 0.40000 0.40000 0.90196
4 710 423 408 709 0.40000 0.40000 0.90196
4 713 408 407 715 0.40000 0.40000 0.90196
4 717 709 408 713 0.40000 0.40000 0.90196
4 414 407 409 415 0.40000 0.40000 0.90196
4 408 423 409 407 0.40000 0.40000 0.90196
4 595 416 423 597 0.40000 0.40000 0.90196
4 423 416 415 409 0.40000 0.40000 0.90196
4 411 413 420 410 0.40000 0.40000 0.90196
4 410 420 418 412 0.40000 0.40000 0.90196
4 415 417 413 414 0.40000 0.40000 0.90196
4 420 413 417 589 0.40000 0.40000 0.90196
4 416 595 591 415 0.40000 0.40000 0.90196
4 417 415 591 589 0.40000 0.40000 0.90196
4 589 586 418 420 0.40000 0.40000 0.90196
4 419 586 585 421 0.40000 0.40000 0.90196
4 419 422 418 586 0.40000 0.40000 0.90196
4 710 599 602 423 0.40000 0.40000 0.90196
4 597 423 602 600 0.40000 0.40000 0.90196
4 428 605 758 754 0.40000 0.40000 0.90196
4 426 424 425 427 0.40000 0.40000 0.90196
4 754 424 426 428 0.40000 0.40000 0.90196
4 756 425 424 754 0.40000 0.40000 0.90196
4 823 822 429 820 0.40000 0.40000 0.90196
4 826 827 607 581 0.40000 0.40000 0.90196
4 431 611 614 661 0.40000 0.40000 0.90196
4 430 431 434 432 0.40000 0.40000 0.90196
4 433 430 432 435 0.40000 0.40000 0.90196
4 613 430 433 610 0.40000 0.40000 0.90196
4 611 431 430 613 0.40000 0.40000 0.90196
4 438 637 437 436 0.40000 0.40000 0.90196
4 436 437 441 439 0.40000 0.40000 0.90196
4 439 442 440 436 0.40000 0.40000 0.90196
4 436 440 443 438 0.40000 0.40000 0.90196
4 444 447 450 572 0.40000 0.40000 0.90196
4 448 576 572 450 0.40000 0.40000 0.90196
4 446 445 447 449 0.40000 0.40000 0.90196
4 450 447 445 448 0.40000 0.40000 0.90196
4 448 445 446 451 0.40000 0.40000 0.90196
4 452 631 627 623 0.40000 0.40000 0.90196
4 623 620 453 452 0.40000 0.40000 0.90196
4 456 455 454 632 0.40000 0.40000 0.90196
4 633 629 632 454 0.40000 0.40000 0.90196
4 633 454 455 458 0.40000 0.40000 0.90196
4 634 630 457 532 0.40000 0.40000 0.90196
4 458 457 630 633 0.40000 0.40000 0.90196
4 640 460 459 638 0.40000 0.40000 0.90196
4 459 461 641 638 0.40000 0.40000 0.90196
4 463 462 644 646 0.40000 0.40000 0.90196
4 644 462 464 645 0.40000 0.40000 0.90196
4 492 465 650 654 0.40000 0.40000 0.90196
4 465 466 648 650 0.40000 0.40000 0.90196
4 651 649 467 643 0.40000 0.40000 0.90196
4 652 468 467 649 0.40000 0.40000 0.90196
4 478 469 470 473 0.40000 0.40000 0.90196
4 471 469 478 475 0.40000 0.40000 0.90196
4 476 474 472 473 0.40000 0.40000 0.90196
4 475 472 474 477 0.40000 0.40000 0.90196
4 478 473 472 475 0.40000 0.40000 0.90196
4 483 481 479 480 0.40000 0.40000 0.90196
4 491 480 479 488 0.40000 0.40000 0.90196
4 484 482 479 481 0.40000 0.40000 0.90196
4 488 479 482 490 0.40000 0.40000 0.90196
4 486 485 487 489 0.40000 0.40000 0.90196
4 490 487 485 488 0.40000 0.40000 0.90196
4 486 491 488 485 0.40000 0.40000 0.90196
4 654 655 507 492 0.40000 0.40000 0.90196
4 786 671 494 493 0.40000 0.40000 0.90196
4 493 495 784 786 0.40000 0.40000 0.90196
4 788 775 665 496 0.40000 0.40000 0.90196
4 497 498 501 499 0.40000 0.40000 0.90196
4 500 497 499 502 0.40000 0.40000 0.90196
4 503 498 497 500 0.40000 0.40000 0.90196
4 505 804 802 504 0.40000 0.40000 0.90196
4 506 777 779 505 0.40000 0.40000 0.90196
4 804 505 779 801 0.40000 0.40000 0.90196
4 751 806 801 781 0.40000 0.40000 0.90196
4 767 513 508 507 0.40000 0.40000 0.90196
4 765 767 507 655 0.40000 0.40000 0.90196
4 509 815 752 510 0.40000 0.40000 0.90196
4 513 509 510 511 0.40000 0.40000 0.90196
4 514 815 509 513 0.40000 0.40000 0.90196
4 829 512 513 767 0.40000 0.40000 0.90196
4 512 829 687 688 0.40000 0.40000 0.90196
4 688 514 513 512 0.40000 0.40000 0.90196
4 685 817 580 688 0.40000 0.40000 0.90196
4 518 668 516 515 0.40000 0.40000 0.90196
4 669 518 515 517 0.40000 0.40000 0.90196
4 518 669 666 668 0.40000 0.40000 0.90196
4 668 692 693 694 0.40000 0.40000 0.90196
4 701 699 519 520 0.40000 0.40000 0.90196
4 699 702 521 519 0.40000 0.40000 0.90196
4 524 601 599 522 0.40000 0.40000 0.90196
4 523 825 845 761 0.40000 0.40000 0.90196
4 525 825 523 524 0.40000 0.40000 0.90196
4 601 524 523 761 0.40000 0.40000 0.90196
4 529 527 526 528 0.40000 0.40000 0.90196
4 533 528 526 536 0.40000 0.40000 0.90196
4 527 537 536 526 0.40000 0.40000 0.90196
4 532 531 530 634 0.40000 0.40000 0.90196
4 536 530 531 533 0.40000 0.40000 0.90196
4 530 536 624 634 0.40000 0.40000 0.90196
4 535 615 622 534 0.40000 0.40000 0.90196
4 534 536 537 535 0.40000 0.40000 0.90196
4 624 536 534 622 0.40000 0.40000 0.90196
4 545 550 538 539 0.40000 0.40000 0.90196
4 540 538 550 549 0.40000 0.40000 0.90196
4 550 545 553 736 0.40000 0.40000 0.90196
4 552 547 544 541 0.40000 0.40000 0.90196
4 553 545 547 552 0.40000 0.40000 0.90196
4 544 542 543 546 0.40000 0.40000 0.90196
4 545 542 544 547 0.40000 0.40000 0.90196
4 548 543 542 545 0.40000 0.40000 0.90196
4 736 731 549 550 0.40000 0.40000 0.90196
4 737 551 549 731 0.40000 0.40000 0.90196
4 561 743 746 563 0.40000 0.40000 0.90196
4 743 730 735 745 0.40000 0.40000 0.90196
4 552 555 736 553 0.40000 0.40000 0.90196
4 552 554 557 555 0.40000 0.40000 0.90196
4 729 736 558 735 0.40000 0.40000 0.90196
4 557 558 736 555 0.40000 0.40000 0.90196
4 745 735 556 742 0.40000 0.40000 0.90196
4 557 556 735 558 0.40000 0.40000 0.90196
4 559 742 556 557 0.40000 0.40000 0.90196
4 797 802 805 749 0.40000 0.40000 0.90196
4 560 738 734 739 0.40000 0.40000 0.90196
4 743 561 739 732 0.40000 0.40000 0.90196
4 739 561 563 562 0.40000 0.40000 0.90196
4 564 560 739 562 0.40000 0.40000 0.90196
4 812 817 565 816 0.40000 0.40000 0.90196
4 565 817 686 683 0.40000 0.40000 0.90196
4 816 565 678 566 0.40000 0.40000 0.90196
4 683 675 678 565 0.40000 0.40000 0.90196
4 749 791 794 797 0.40000 0.40000 0.90196
4 570 569 567 568 0.40000 0.40000 0.90196
4 726 567 569 723 0.40000 0.40000 0.90196
4 567 726 724 716 0.40000 0.40000 0.90196
4 567 716 714 568 0.40000 0.40000 0.90196
4 573 574 572 571 0.40000 0.40000 0.90196
4 571 577 575 573 0.40000 0.40000 0.90196
4 571 572 576 577 0.40000 0.40000 0.90196
4 577 619 618 578 0.40000 0.40000 0.90196
4 577 579 617 619 0.40000 0.40000 0.90196
4 815 580 817 811 0.40000 0.40000 0.90196
4 581 582 584 594 0.40000 0.40000 0.90196
4 590 596 594 584 0.40000 0.40000 0.90196
4 585 587 582 583 0.40000 0.40000 0.90196
4 584 582 587 590 0.40000 0.40000 0.90196
4 586 589 592 585 0.40000 0.40000 0.90196
4 587 585 592 590 0.40000 0.40000 0.90196
4 591 595 588 589 0.40000 0.40000 0.90196
4 596 590 588 595 0.40000 0.40000 0.90196
4 592 589 588 590 0.40000 0.40000 0.90196
4 603 761 828 594 0.40000 0.40000 0.90196
4 595 593 594 596 0.40000 0.40000 0.90196
4 600 593 595 597 0.40000 0.40000 0.90196
4 603 594 593 600 0.40000 0.40000 0.90196
4 761 598 599 601 0.40000 0.40000 0.90196
4 602 599 598 600 0.40000 0.40000 0.90196
4 600 598 761 603 0.40000 0.40000 0.90196
4 605 824 759 758 0.40000 0.40000 0.90196
4 759 604 606 757 0.40000 0.40000 0.90196
4 759 840 841 604 0.40000 0.40000 0.90196
4 837 607 827 867 0.40000 0.40000 0.90196
4 608 610 612 609 0.40000 0.40000 0.90196
4 613 610 608 611 0.40000 0.40000 0.90196
4 609 614 611 608 0.40000 0.40000 0.90196
4 625 622 615 618 0.40000 0.40000 0.90196
4 617 616 618 619 0.40000 0.40000 0.90196
4 625 618 616 623 0.40000 0.40000 0.90196
4 617 620 623 616 0.40000 0.40000 0.90196
4 622 621 634 624 0.40000 0.40000 0.90196
4 623 627 634 621 0.40000 0.40000 0.90196
4 623 621 622 625 0.40000 0.40000 0.90196
4 626 627 631 628 0.40000 0.40000 0.90196
4 628 632 629 626 0.40000 0.40000 0.90196
4 630 626 629 633 0.40000 0.40000 0.90196
4 626 630 634 627 0.40000 0.40000 0.90196
4 639 637 635 636 0.40000 0.40000 0.90196
4 638 635 637 640 0.40000 0.40000 0.90196
4 641 636 635 638 0.40000 0.40000 0.90196
4 642 654 651 643 0.40000 0.40000 0.90196
4 645 654 642 644 0.40000 0.40000 0.90196
4 643 646 644 642 0.40000 0.40000 0.90196
4 650 648 647 654 0.40000 0.40000 0.90196
4 649 651 654 647 0.40000 0.40000 0.90196
4 648 652 649 647 0.40000 0.40000 0.90196
4 762 763 654 653 0.40000 0.40000 0.90196
4 655 654 768 765 0.40000 0.40000 0.90196
4 764 768 654 763 0.40000 0.40000 0.90196
4 656 664 657 660 0.40000 0.40000 0.90196
4 657 664 658 661 0.40000 0.40000 0.90196
4 662 658 664 659 0.40000 0.40000 0.90196
4 663 664 656 665 0.40000 0.40000 0.90196
4 664 771 769 659 0.40000 0.40000 0.90196
4 664 663 773 771 0.40000 0.40000 0.90196
4 773 663 665 775 0.40000 0.40000 0.90196
4 666 778 780 668 0.40000 0.40000 0.90196
4 667 751 781 778 0.40000 0.40000 0.90196
4 669 667 778 666 0.40000 0.40000 0.90196
4 783 684 832 847 0.40000 0.40000 0.90196
4 788 670 860 862 0.40000 0.40000 0.90196
4 670 671 786 860 0.40000 0.40000 0.90196
4 672 782 785 784 0.40000 0.40000 0.90196
4 796 673 677 674 0.40000 0.40000 0.90196
4 678 675 796 674 0.40000 0.40000 0.90196
4 798 796 676 679 0.40000 0.40000 0.90196
4 673 796 792 680 0.40000 0.40000 0.90196
4 682 796 675 683 0.40000 0.40000 0.90196
4 796 681 684 676 0.40000 0.40000 0.90196
4 682 689 681 796 0.40000 0.40000 0.90196
4 686 689 682 683 0.40000 0.40000 0.90196
4 689 832 684 681 0.40000 0.40000 0.90196
4 831 686 817 685 0.40000 0.40000 0.90196
4 688 687 831 685 0.40000 0.40000 0.90196
4 686 831 832 689 0.40000 0.40000 0.90196
4 687 829 833 831 0.40000 0.40000 0.90196
4 697 695 690 691 0.40000 0.40000 0.90196
4 692 690 695 693 0.40000 0.40000 0.90196
4 693 700 698 694 0.40000 0.40000 0.90196
4 695 697 700 693 0.40000 0.40000 0.90196
4 697 696 698 700 0.40000 0.40000 0.90196
4 701 698 696 699 0.40000 0.40000 0.90196
4 699 696 697 702 0.40000 0.40000 0.90196
4 705 706 704 703 0.40000 0.40000 0.90196
4 703 724 720 705 0.40000 0.40000 0.90196
4 704 711 724 703 0.40000 0.40000 0.90196
4 710 709 707 708 0.40000 0.40000 0.90196
4 724 707 709 717 0.40000 0.40000 0.90196
4 707 724 711 708 0.40000 0.40000 0.90196
4 715 714 712 713 0.40000 0.40000 0.90196
4 712 714 716 724 0.40000 0.40000 0.90196
4 717 713 712 724 0.40000 0.40000 0.90196
4 727 722 719 718 0.40000 0.40000 0.90196
4 718 720 724 727 0.40000 0.40000 0.90196
4 723 725 722 721 0.40000 0.40000 0.90196
4 721 724 726 723 0.40000 0.40000 0.90196
4 724 721 722 727 0.40000 0.40000 0.90196
4 728 729 735 730 0.40000 0.40000 0.90196
4 731 736 729 728 0.40000 0.40000 0.90196
4 743 732 728 730 0.40000 0.40000 0.90196
4 731 728 733 737 0.40000 0.40000 0.90196
4 728 734 738 733 0.40000 0.40000 0.90196
4 739 734 728 732 0.40000 0.40000 0.90196
4 742 744 741 740 0.40000 0.40000 0.90196
4 743 745 742 740 0.40000 0.40000 0.90196
4 741 746 743 740 0.40000 0.40000 0.90196
4 747 749 805 803 0.40000 0.40000 0.90196
4 748 750 747 803 0.40000 0.40000 0.90196
4 803 806 751 748 0.40000 0.40000 0.90196
4 814 752 815 810 0.40000 0.40000 0.90196
4 754 753 755 756 0.40000 0.40000 0.90196
4 757 755 753 759 0.40000 0.40000 0.90196
4 759 753 754 758 0.40000 0.40000 0.90196
4 823 820 839 867 0.40000 0.40000 0.90196
4 824 842 840 759 0.40000 0.40000 0.90196
4 760 841 871 825 0.40000 0.40000 0.90196
4 845 843 828 761 0.40000 0.40000 0.90196
4 766 789 856 855 0.40000 0.40000 0.90196
4 789 766 762 770 0.40000 0.40000 0.90196
4 763 762 766 764 0.40000 0.40000 0.90196
4 766 855 830 764 0.40000 0.40000 0.90196
4 767 765 830 829 0.40000 0.40000 0.90196
4 764 830 765 768 0.40000 0.40000 0.90196
4 770 769 774 789 0.40000 0.40000 0.90196
4 773 774 769 771 0.40000 0.40000 0.90196
4 789 772 788 787 0.40000 0.40000 0.90196
4 773 772 789 774 0.40000 0.40000 0.90196
4 775 788 772 773 0.40000 0.40000 0.90196
4 777 776 801 779 0.40000 0.40000 0.90196
4 777 780 778 776 0.40000 0.40000 0.90196
4 781 801 776 778 0.40000 0.40000 0.90196
4 785 782 848 849 0.40000 0.40000 0.90196
4 847 848 782 783 0.40000 0.40000 0.90196
4 849 850 784 785 0.40000 0.40000 0.90196
4 786 784 850 860 0.40000 0.40000 0.90196
4 859 787 788 862 0.40000 0.40000 0.90196
4 856 789 787 859 0.40000 0.40000 0.90196
4 791 790 799 794 0.40000 0.40000 0.90196
4 790 792 796 799 0.40000 0.40000 0.90196
4 794 793 795 797 0.40000 0.40000 0.90196
4 793 796 798 795 0.40000 0.40000 0.90196
4 796 793 794 799 0.40000 0.40000 0.90196
4 801 800 802 804 0.40000 0.40000 0.90196
4 805 802 800 803 0.40000 0.40000 0.90196
4 803 800 801 806 0.40000 0.40000 0.90196
4 809 813 808 807 0.40000 0.40000 0.90196
4 808 814 810 807 0.40000 0.40000 0.90196
4 807 810 815 811 0.40000 0.40000 0.90196
4 807 812 816 809 0.40000 0.40000 0.90196
4 807 811 817 812 0.40000 0.40000 0.90196
4 819 838 836 818 0.40000 0.40000 0.90196
4 820 818 836 839 0.40000 0.40000 0.90196
4 867 821 822 823 0.40000 0.40000 0.90196
4 821 842 824 822 0.40000 0.40000 0.90196
4 867 870 842 821 0.40000 0.40000 0.90196
4 871 866 845 825 0.40000 0.40000 0.90196
4 827 826 844 867 0.40000 0.40000 0.90196
4 843 844 826 828 0.40000 0.40000 0.90196
4 830 855 853 829 0.40000 0.40000 0.90196
4 833 829 853 852 0.40000 0.40000 0.90196
4 847 832 831 846 0.40000 0.40000 0.90196
4 831 833 852 846 0.40000 0.40000 0.90196
4 867 834 835 837 0.40000 0.40000 0.90196
4 834 836 838 835 0.40000 0.40000 0.90196
4 836 834 867 839 0.40000 0.40000 0.90196
4 868 871 841 840 0.40000 0.40000 0.90196
4 870 868 840 842 0.40000 0.40000 0.90196
4 843 869 867 844 0.40000 0.40000 0.90196
4 843 845 866 869 0.40000 0.40000 0.90196
4 846 852 854 847 0.40000 0.40000 0.90196
4 848 847 851 849 0.40000 0.40000 0.90196
4 861 851 847 854 0.40000 0.40000 0.90196
4 849 863 860 850 0.40000 0.40000 0.90196
4 861 863 849 851 0.40000 0.40000 0.90196
4 855 857 852 853 0.40000 0.40000 0.90196
4 854 852 857 861 0.40000 0.40000 0.90196
4 855 856 859 864 0.40000 0.40000 0.90196
4 857 855 864 861 0.40000 0.40000 0.90196
4 858 859 862 860 0.40000 0.40000 0.90196
4 861 858 860 863 0.40000 0.40000 0.90196
4 864 859 858 861 0.40000 0.40000 0.90196
4 866 865 867 869 0.40000 0.40000 0.90196
4 870 867 865 868 0.40000 0.40000 0.90196
4 866 871 868 865 0.40000 0.40000 0.90196
1 0 0.00000 1.00000 1.00000
1 1 0.00000 1.00000 1.00000
1 2 0.00000 1.00000 1.00000
1 3 0.00000 1.00000 1.00000
1 4 0.00000 1.00000 1.00000
1 5 0.00000 1.00000 1.00000
1 6 0.00000 1.00000 1.00000
1 7 0.00000 1.00000 1.00000
1 8 0.00000 1.00000 1.00000
1 9 0.00000 1.00000 1.00000
1 10 0.00000 1.00000 1.00000
1 11 0.00000 1.00000 1.00000
1 12 0.00000 1.00000 1.00000
1 13 0.00000 1.00000 1.00000
1 14 0.00000 1.00000 1.00000
1 15 0.00000 1.00000 1.00000
1 16 0.00000 1.00000 1.00000
1 17 0.00000 1.00000 1.00000
1 18 0.00000 1.00000 1.00000
1 19 0.00000 1.00000 1.00000
1 20 0.00000 1.00000 1.00000
1 21 0.00000 1.00000 1.00000
1 22 0.00000 1.00000 1.00000
1 23 0.00000 1.00000 1.00000
1 24 0.00000 1.00000 1.00000
1 25 0.00000 1.00000 1.00000
1 26 0.00000 1.00000 1.00000
1 27 0.00000 1.00000 1.00000
1 28 0.00000 1.00000 1.00000
1 29 0.00000 1.00000 1.00000
1 30 0.00000 1.00000 1.00000
1 31 0.00000 1.00000 1.00000
1 32 0.00000 1.00000 1.00000
1 33 0.00000 1.00000 1.00000
1 34 0.00000 1.00000 1.00000
1 35 0.00000 1.00000 1.00000
1 36 0.00000 1.00000 1.00000
1 37 0.00000 1.00000 1.00000
1 38 0.00000 1.00000 1.00000
1 39 0.00000 1.00000 1.00000
1 40 0.00000 1.00000 1.00000
1 41 0.00000 1.00000 1.00000
1 42 0.00000 1.00000 1.00000
1 43 0.00000 1.00000 1.00000
1 44 0.00000 1.00000 1.00000
1 45 0.00000 1.00000 1.00000
1 46 0.00000 1.00000 1.00000
1 47 0.00000 1.00000 1.00000
1 48 0.00000 1.00000 1.00000
1 49 0.00000 1.00000 1.00000
1 50 0.00000 1.00000 1.00000
1 51 0.00000 1.00000 1.00000
1 52 0.00000 1.00000 1.00000
1 53 0.00000 1.00000 1.00000
1 54 0.00000 1.00000 1.00000
1 55 0.00000 1.00000 1.00000
1 56 0.00000 1.00000 1.00000
1 57 0.00000 1.00000 1.00000
1 58 0.00000 1.00000 1.00000
1 59 0.00000 1.00000 1.00000
1 60 0.00000 1.00000 1.00000
1 61 0.00000 1.00000 1.00000
1 62 0.00000 1.00000 1.00000
1 63 0.00000 1.00000 1.00000
1 64 0.00000 1.00000 1.00000
1 65 0.00000 1.00000 1.00000
1 66 0.00000 1.00000 1.00000
1 67 0.00000 1.00000 1.00000
1 68 0.00000 1.00000 1.00000
1 69 0.00000 1.00000 1.00000
1 70 0.00000 1.00000 1.00000
1 71 0.00000 1.00000 1.00000
1 72 0.00000 1.00000 1.00000
1 73 0.00000 1.00000 1.00000
1 74 0.00000 1.00000 1.00000
1 75 0.00000 1.00000 1.00000
1 76 0.00000 1.00000 1.00000
1 77 0.00000 1.00000 1.00000
1 78 0.00000 1.00000 1.00000
1 79 0.00000 1.00000 1.00000
1 80 0.00000 1.00000 1.00000
1 81 0.00000 1.00000 1.00000
1 82 0.00000 1.00000 1.00000
1 83 0.00000 1.00000 1.00000
1 84 0.00000 1.00000 1.00000
1 85 0.00000 1.00000 1.00000
1 86 0.00000 1.00000 1.00000
1 87 0.00000 1.00000 1.00000
1 88 0.00000 1.00000 1.00000
1 89 0.00000 1.00000 1.00000
1 90 0.00000 1.00000 1.00000
1 91 0.00000 1.00000 1.00000
1 92 0.00000 1.00000 1.00000
1 93 0.00000 1.00000 1.00000
1 94 0.00000 1.00000 1.00000
1 95 0.00000 1.00000 1.00000
1 96 0.00000 1.00000 1.00000
1 97 0.00000 1.00000 1.00000
1 98 0.00000 1.00000 1.00000
1 99 0.00000 1.00000 1.00000
1 100 0.00000 1.00000 1.00000
1 101 0.00000 1.00000 1.00000
1 102 0.00000 1.00000 1.00000
1 103 0.00000 1.00000 1.00000
1 104 0.00000 1.00000 1.00000
1 105 0.00000 1.00000 1.00000
1 106 0.00000 1.00000 1.00000
1 107 0.00000 1.00000 1.00000
1 108 0.00000 1.00000 1.00000
1 109 0.00000 1.00000 1.00000
1 110 0.00000 1.00000 1.00000
1 111 0.00000 1.00000 1.00000
1 112 0.00000 1.00000 1.00000
1 113 0.00000 1.00000 1.00000
1 114 0.00000 1.00000 1.00000
1 115 0.00000 1.00000 1.00000
1 116 0.00000 1.00000 1.00000
1 117 0.00000 1.00000 1.00000
1 118 0.00000 1.00000 1.00000
1 119 0.00000 1.00000 1.00000
1 120 0.00000 1.00000 1.00000
1 121 0.00000 1.00000 1.00000
1 122 0.00000 1.00000 1.00000
1 123 0.00000 1.00000 1.00000
1 124 0.00000 1.00000 1.00000
1 125 0.00000 1.00000 1.00000
1 126 0.00000 1.00000 1.00000
1 127 0.00000 1.00000 1.00000
1 128 0.00000 1.00000 1.00000
1 129 0.00000 1.00000 1.00000
1 130 0.00000 1.00000 1.00000
1 131 0.00000 1.00000 1.00000
1 132 0.00000 1.00000 1.00000
1 133 0.00000 1.00000 1.00000
1 134 0.00000 1.00000 1.00000
1 135 0.00000 1.00000 1.00000
1 136 0.00000 1.00000 1.00000
1 137 0.00000 1.00000 1.00000
1 138 0.00000 1.00000 1.00000
1 139 0.00000 1.00000 1.00000
1 140 0.00000 1.00000 1.00000
1 141 0.00000 1.00000 1.00000
1 142 0.00000 1.00000 1.00000
1 143 0.00000 1.00000 1.00000
1 144 0.00000 1.00000 1.00000
1 145 0.00000 1.00000 1.00000
1 146 0.00000 1.00000 1.00000
1 147 0.00000 1.00000 1.00000
1 148 0.00000 1.00000 1.00000
1 149 0.00000 1.00000 1.00000
1 150 0.00000 1.00000 1.00000
1 151 0.00000 1.00000 1.00000
1 152 0.00000 1.00000 1.00000
1 153 0.00000 1.00000 1.00000
1 154 0.00000 1.00000 1.00000
1 155 0.00000 1.00000 1.00000
1 156 0.00000 1.00000 1.00000
1 157 0.00000 1.00000 1.00000
1 158 0.00000 1.00000 1.00000
1 159 0.00000 1.00000 1.00000
1 160 0.00000 1.00000 1.00000
1 161 0.00000 1.00000 1.00000
1 162 0.00000 1.00000 1.00000
1 163 0.00000 1.00000 1.00000
1 164 0.00000 1.00000 1.00000
1 165 0.00000 1.00000 1.00000
1 166 0.00000 1.00000 1.00000
1 167 0.00000 1.00000 1.00000
1 168 0.00000 1.00000 1.00000
1 169 0.00000 1.00000 1.00000
1 170 0.00000 1.00000 1.00000
1 171 0.00000 1.00000 1.00000
1 172 0.00000 1.00000 1.00000
1 173 0.00000 1.00000 1.00000
1 174 0.00000 1.00000 1.00000
1 175 0.00000 1.00000 1.00000
1 176 0.00000 1.00000 1.00000
1 177 0.00000 1.00000 1.00000
1 178 0.00000 1.00000 1.00000
1 179 0.00000 1.00000 1.00000
1 180 0.00000 1.00000 1.00000
1 181 0.00000 1.00000 1.00000
1 182 0.00000 1.00000 1.00000
1 183 0.00000 1.00000 1.00000
1 184 0.00000 1.00000 1.00000
1 185 0.00000 1.00000 1.00000
1 186 0.00000 1.00000 1.00000
1 187 0.00000 1.00000 1.00000
1 188 0.00000 1.00000 1.00000
1 189 0.00000 1.00000 1.00000
1 190 0.00000 1.00000 1.00000
1 191 0.00000 1.00000 1.00000
1 192 0.00000 1.00000 1.00000
1 193 0.00000 1.00000 1.00000
1 194 0.00000 1.00000 1.00000
1 195 0.00000 1.00000 1.00000
1 196 0.00000 1.00000 1.00000
1 197 0.00000 1.00000 1.00000
1 198 0.00000 1.00000 1.00000
1 199 0.00000 1.00000 1.00000
1 200 0.00000 1.00000 1.00000
1 201 0.00000 1.00000 1.00000
1 202 0.00000 1.00000 1.00000
1 203 0.00000 1.00000 1.00000
1 204 0.00000 1.00000 1.00000
1 205 0.00000 1.00000 1.00000
1 206 0.00000 1.00000 1.00000
1 207 0.00000 1.00000 1.00000
1 208 0.00000 1.00000 1.00000
1 209 0.00000 1.00000 1.00000
1 210 0.00000 1.00000 1.00000
1 211 0.00000 1.00000 1.00000
1 212 0.00000 1.00000 1.00000
1 213 0.00000 1.00000 1.00000
1 214 0.00000 1.00000 1.00000
1 215 0.00000 1.00000 1.00000
1 216 0.00000 1.00000 1.00000
1 217 0.00000 1.00000 1.00000
1 218 0.00000 1.00000 1.00000
1 219 0.00000 1.00000 1.00000
1 220 0.00000 1.00000 1.00000
1 221 0.00000 1.00000 1.00000
1 222 0.00000 1.00000 1.00000
1 223 0.00000 1.00000 1.00000
1 224 0.00000 1.00000 1.00000
1 225 0.00000 1.00000 1.00000
1 226 0.00000 1.00000 1.00000
1 227 0.00000 1.00000 1.00000
1 228 0.00000 1.00000 1.00000
1 229 0.00000 1.00000 1.00000
1 230 0.00000 1.00000 1.00000
1 231 0.00000 1.00000 1.00000
1 232 0.00000 1.00000 1.00000
1 233 0.00000 1.00000 1.00000
1 234 0.00000 1.00000 1.00000
1 235 0.00000 1.00000 1.00000
1 236 0.00000 1.00000 1.00000
1 237 0.00000 1.00000 1.00000
1 238 0.00000 1.00000 1.00000
1 239 0.00000 1.00000 1.00000
1 240 0.00000 1.00000 1.00000
1 241 0.00000 1.00000 1.00000
1 242 0.00000 1.00000 1.00000
1 243 0.00000 1.00000 1.00000
1 244 0.00000 1.00000 1.00000
1 245 0.00000 1.00000 1.00000
1 246 0.00000 1.00000 1.00000
1 247 0.00000 1.00000 1.00000
1 248 0.00000 1.00000 1.00000
1 249 0.00000 1.00000 1.00000
1 250 0.00000 1.00000 1.00000
1 251 0.00000 1.00000 1.00000
1 252 0.00000 1.00000 1.00000
1 253 0.00000 1.00000 1.00000
1 254 0.00000 1.00000 1.00000
1 255 0.00000 1.00000 1.00000
1 256 0.00000 1.00000 1.00000
1 257 0.00000 1.00000 1.00000
1 258 0.00000 1.00000 1.00000
1 259 0.00000 1.00000 1.00000
1 260 0.00000 1.00000 1.00000
1 261 0.00000 1.00000 1.00000
1 262 0.00000 1.00000 1.00000
1 263 0.00000 1.00000 1.00000
1 264 0.00000 1.00000 1.00000
1 265 0.00000 1.00000 1.00000
1 266 0.00000 1.00000 1.00000
1 267 0.00000 1.00000 1.00000
1 268 0.00000 1.00000 1.00000
1 269 0.00000 1.00000 1.00000
1 270 0.00000 1.00000 1.00000
1 271 0.00000 1.00000 1.00000
1 272 0.00000 1.00000 1.00000
1 273 0.00000 1.00000 1.00000
1 274 0.00000 1.00000 1.00000
1 275 0.00000 1.00000 1.00000
1 276 0.00000 1.00000 1.00000
1 277 0.00000 1.00000 1.00000
1 278 0.00000 1.00000 1.00000
1 279 0.00000 1.00000 1.00000
1 280 0.00000 1.00000 1.00000
1 281 0.00000 1.00000 1.00000
1 282 0.00000 1.00000 1.00000
1 283 0.00000 1.00000 1.00000
1 284 0.00000 1.00000 1.00000
1 285 0.00000 1.00000 1.00000
1 286 0.00000 1.00000 1.00000
1 287 0.00000 1.00000 1.00000
1 288 0.00000 1.00000 1.00000
1 289 0.00000 1.00000 1.00000
1 290 0.00000 1.00000 1.00000
1 291 0.00000 1.00000 1.00000
1 292 0.00000 1.00000 1.00000
1 293 0.00000 1.00000 1.00000
1 294 0.00000 1.00000 1.00000
1 295 0.00000 1.00000 1.00000
1 296 0.00000 1.00000 1.00000
1 297 0.00000 1.00000 1.00000
1 298 0.00000 1.00000 1.00000
1 299 0.00000 1.00000 1.00000
1 300 0.00000 1.00000 1.00000
1 301 0.00000 1.00000 1.00000
1 302 0.00000 1.00000 1.00000
1 303 0.00000 1.00000 1.00000
1 304 0.00000 1.00000 1.00000
1 305 0.00000 1.00000 1.00000
1 306 0.00000 1.00000 1.00000
1 307 0.00000 1.00000 1.00000
1 308 0.00000 1.00000 1.00000
1 309 0.00000 1.00000 1.00000
1 310 0.00000 1.00000 1.00000
1 311 0.00000 1.00000 1.00000
1 312 0.00000 1.00000 1.00000
1 313 0.00000 1.00000 1.00000
1 314 0.00000 1.00000 1.00000
1 315 0.00000 1.00000 1.00000
1 316 0.00000 1.00000 1.00000
1 317 0.00000 1.00000 1.00000
1 318 0.00000 1.00000 1.00000
1 319 0.00000 1.00000 1.00000
1 320 0.00000 1.00000 1.00000
1 321 0.00000 1.00000 1.00000
1 322 0.00000 1.00000 1.00000
1 323 0.00000 1.00000 1.00000
1 324 0.00000 1.00000 1.00000
1 325 0.00000 1.00000 1.00000
1 326 0.00000 1.00000 1.00000
1 327 0.00000 1.00000 1.00000
1 328 0.00000 1.00000 1.00000
1 329 0.00000 1.00000 1.00000
1 330 0.00000 1.00000 1.00000
1 331 0.00000 1.00000 1.00000
1 332 0.00000 1.00000 1.00000
1 333 0.00000 1.00000 1.00000
1 334 0.00000 1.00000 1.00000
1 335 0.00000 1.00000 1.00000
1 336 0.00000 1.00000 1.00000
1 337 0.00000 1.00000 1.00000
1 338 0.00000 1.00000 1.00000
1 339 0.00000 1.00000 1.00000
1 340 0.00000 1.00000 1.00000
1 341 0.00000 1.00000 1.00000
1 342 0.00000 1.00000 1.00000
1 343 0.00000 1.00000 1.00000
1 344 0.00000 1.00000 1.00000
1 345 0.00000 1.00000 1.00000
1 346 0.00000 1.00000 1.00000
1 347 0.00000 1.00000 1.00000
1 348 0.00000 1.00000 1.00000
1 349 0.00000 1.00000 1.00000
1 350 0.00000 1.00000 1.00000
1 351 0.00000 1.00000 1.00000
1 352 0.00000 1.00000 1.00000
1 353 0.00000 1.00000 1.00000
1 354 0.00000 1.00000 1.00000
1 355 0.00000 1.00000 1.00000
1 356 0.00000 1.00000 1.00000
1 357 0.00000 1.00000 1.00000
1 358 0.00000 1.00000 1.00000
1 359 0.00000 1.00000 1.00000
1 360 0.00000 1.00000 1.00000
1 361 0.00000 1.00000 1.00000
1 362 0.00000 1.00000 1.00000
1 363 0.00000 1.00000 1.00000
1 364 0.00000 1.00000 1.00000
1 365 0.00000 1.00000 1.00000
1 366 0.00000 1.00000 1.00000
1 367 0.00000 1.00000 1.00000
1 368 0.00000 1.00000 1.00000
1 369 0.00000 1.00000 1.00000
1 370 0.00000 1.00000 1.00000
1 371 0.00000 1.00000 1.00000
1 372 0.00000 1.00000 1.00000
1 373 0.00000 1.00000 1.00000
1 374 0.00000 1.00000 1.00000
1 375 0.00000 1.00000 1.00000
1 376 0.00000 1.00000 1.00000
1 377 0.00000 1.00000 1.00000
1 378 0.00000 1.00000 1.00000
1 379 0.00000 1.00000 1.00000
1 380 0.00000 1.00000 1.00000
1 381 0.00000 1.00000 1.00000
1 382 0.00000 1.00000 1.00000
1 383 0.00000 1.00000 1.00000
1 384 0.00000 1.00000 1.00000
1 385 0.00000 1.00000 1.00000
1 386 0.00000 1.00000 1.00000
1 387 0.00000 1.00000 1.00000
1 388 0.00000 1.00000 1.00000
1 389 0.00000 1.00000 1.00000
1 390 0.00000 1.00000 1.00000
1 391 0.00000 1.00000 1.00000
1 392 0.00000 1.00000 1.00000
1 393 0.00000 1.00000 1.00000
1 394 0.00000 1.00000 1.00000
1 395 0.00000 1.00000 1.00000
1 396 0.00000 1.00000 1.00000
1 397 0.00000 1.00000 1.00000
1 398 0.00000 1.00000 1.00000
1 399 0.00000 1.00000 1.00000
1 400 0.00000 1.00000 1.00000
1 401 0.00000 1.00000 1.00000
1 402 0.00000 1.00000 1.00000
1 403 0.00000 1.00000 1.00000
1 404 0.00000 1.00000 1.00000
1 405 0.00000 1.00000 1.00000
1 406 0.00000 1.00000 1.00000
1 407 0.00000 1.00000 1.00000
1 408 0.00000 1.00000 1.00000
1 409 0.00000 1.00000 1.00000
1 410 0.00000 1.00000 1.00000
1 411 0.00000 1.00000 1.00000
1 412 0.00000 1.00000 1.00000
1 413 0.00000 1.00000 1.00000
1 414 0.00000 1.00000 1.00000
1 415 0.00000 1.00000 1.00000
1 416 0.00000 1.00000 1.00000
1 417 0.00000 1.00000 1.00000
1 418 0.00000 1.00000 1.00000
1 419 0.00000 1.00000 1.00000
1 420 0.00000 1.00000 1.00000
1 421 0.00000 1.00000 1.00000
1 422 0.00000 1.00000 1.00000
1 423 0.00000 1.00000 1.00000
1 424 0.00000 1.00000 1.00000
1 425 0.00000 1.00000 1.00000
1 426 0.00000 1.00000 1.00000
1 427 0.00000 1.00000 1.00000
1 428 0.00000 1.00000 1.00000
1 429 0.00000 1.00000 1.00000
1 430 0.00000 1.00000 1.00000
1 431 0.00000 1.00000 1.00000
1 432 0.00000 1.00000 1.00000
1 433 0.00000 1.00000 1.00000
1 434 0.00000 1.00000 1.00000
1 435 0.00000 1.00000 1.00000
1 436 0.00000 1.00000 1.00000
1 437 0.00000 1.00000 1.00000
1 438 0.00000 1.00000 1.00000
1 439 0.00000 1.00000 1.00000
1 440 0.00000 1.00000 1.00000
1 441 0.00000 1.00000 1.00000
1 442 0.00000 1.00000 1.00000
1 443 0.00000 1.00000 1.00000
1 444 0.00000 1.00000 1.00000
1 445 0.00000 1.00000 1.00000
1 446 0.00000 1.00000 1.00000
1 447 0.00000 1.00000 1.00000
1 448 0.00000 1.00000 1.00000
1 449 0.00000 1.00000 1.00000
1 450 0.00000 1.00000 1.00000
1 451 0.00000 1.00000 1.00000
1 452 0.00000 1.00000 1.00000
1 453 0.00000 1.00000 1.00000
1 454 0.00000 1.00000 1.00000
1 455 0.00000 1.00000 1.00000
1 456 0.00000 1.00000 1.00000
1 457 0.00000 1.00000 1.00000
1 458 0.00000 1.00000 1.00000
1 459 0.00000 1.00000 1.00000
1 460 0.00000 1.00000 1.00000
1 461 0.00000 1.00000 1.00000
1 462 0.00000 1.00000 1.00000
1 463 0.00000 1.00000 1.00000
1 464 0.00000 1.00000 1.00000
1 465 0.00000 1.00000 1.00000
1 466 0.00000 1.00000 1.00000
1 467 0.00000 1.00000 1.00000
1 468 0.00000 1.00000 1.00000
1 469 0.00000 1.00000 1.00000
1 470 0.00000 1.00000 1.00000
1 471 0.00000 1.00000 1.00000
1 472 0.00000 1.00000 1.00000
1 473 0.00000 1.00000 1.00000
1 474 0.00000 1.00000 1.00000
1 475 0.00000 1.00000 1.00000
1 476 0.00000 1.00000 1.00000
1 477 0.00000 1.00000 1.00000
1 478 0.00000 1.00000 1.00000
1 479 0.00000 1.00000 1.00000
1 480 0.00000 1.00000 1.00000
1 481 0.00000 1.00000 1.00000
1 482 0.00000 1.00000 1.00000
1 483 0.00000 1.00000 1.00000
1 484 0.00000 1.00000 1.00000
1 485 0.00000 1.00000 1.00000
1 486 0.00000 1.00000 1.00000
1 487 0.00000 1.00000 1.00000
1 488 0.00000 1.00000 1.00000
1 489 0.00000 1.00000 1.00000
1 490 0.00000 1.00000 1.00000
1 491 0.00000 1.00000 1.00000
1 492 0.00000 1.00000 1.00000
1 493 0.00000 1.00000 1.00000
1 494 0.00000 1.00000 1.00000
1 495 0.00000 1.00000 1.00000
1 496 0.00000 1.00000 1.00000
1 497 0.00000 1.00000 1.00000
1 498 0.00000 1.00000 1.00000
1 499 0.00000 1.00000 1.00000
1 500 0.00000 1.00000 1.00000
1 501 0.00000 1.00000 1.00000
1 502 0.00000 1.00000 1.00000
1 503 0.00000 1.00000 1.00000
1 504 0.00000 1.00000 1.00000
1 505 0.00000 1.00000 1.00000
1 506 0.00000 1.00000 1.00000
1 507 0.00000 1.00000 1.00000
1 508 0.00000 1.00000 1.00000
1 509 0.00000 1.00000 1.00000
1 510 0.00000 1.00000 1.00000
1 511 0.00000 1.00000 1.00000
1 512 0.00000 1.00000 1.00000
1 513 0.00000 1.00000 1.00000
1 514 0.00000 1.00000 1.00000
1 515 0.00000 1.00000 1.00000
1 516 0.00000 1.00000 1.00000
1 517 0.00000 1.00000 1.00000
1 518 0.00000 1.00000 1.00000
1 519 0.00000 1.00000 1.00000
1 520 0.00000 1.00000 1.00000
1 521 0.00000 1.00000 1.00000
1 522 0.00000 1.00000 1.00000
1 523 0.00000 1.00000 1.00000
1 524 0.00000 1.00000 1.00000
1 525 0.00000 1.00000 1.00000
1 526 0.00000 1.00000 1.00000
1 527 0.00000 1.00000 1.00000
1 528 0.00000 1.00000 1.00000
1 529 0.00000 1.00000 1.00000
1 530 0.00000 1.00000 1.00000
1 531 0.00000 1.00000 1.00000
1 532 0.00000 1.00000 1.00000
1 533 0.00000 1.00000 1.00000
1 534 0.00000 1.00000 1.00000
1 535 0.00000 1.00000 1.00000
1 536 0.00000 1.00000 1.00000
1 537 0.00000 1.00000 1.00000
1 538 0.00000 1.00000 1.00000
1 539 0.00000 1.00000 1.00000
1 540 0.00000 1.00000 1.00000
1 541 0.00000 1.00000 1.00000
1 542 0.00000 1.00000 1.00000
1 543 0.00000 1.00000 1.00000
1 544 0.00000 1.00000 1.00000
1 545 0.00000 1.00000 1.00000
1 546 0.00000 1.00000 1.00000
1 547 0.00000 1.00000 1.00000
1 548 0.00000 1.00000 1.00000
1 549 0.00000 1.00000 1.00000
1 550 0.00000 1.00000 1.00000
1 551 0.00000 1.00000 1.00000
1 552 0.00000 1.00000 1.00000
1 553 0.00000 1.00000 1.00000
1 554 0.00000 1.00000 1.00000
1 555 0.00000 1.00000 1.00000
1 556 0.00000 1.00000 1.00000
1 557 0.00000 1.00000 1.00000
1 558 0.00000 1.00000 1.00000
1 559 0.00000 1.00000 1.00000
1 560 0.00000 1.00000 1.00000
1 561 0.00000 1.00000 1.00000
1 562 0.00000 1.00000 1.00000
1 563 0.00000 1.00000 1.00000
1 564 0.00000 1.00000 1.00000
1 565 0.00000 1.00000 1.00000
1 566 0.00000 1.00000 1.00000
1 567 0.00000 1.00000 1.00000
1 568 0.00000 1.00000 1.00000
1 569 0.00000 1.00000 1.00000
1 570 0.00000 1.00000 1.00000
1 571 0.00000 1.00000 1.00000
1 572 0.00000 1.00000 1.00000
1 573 0.00000 1.00000 1.00000
1 574 0.00000 1.00000 1.00000
1 575 0.00000 1.00000 1.00000
1 576 0.00000 1.00000 1.00000
1 577 0.00000 1.00000 1.00000
1 578 0.00000 1.00000 1.00000
1 579 0.00000 1.00000 1.00000
1 580 0.00000 1.00000 1.00000
1 581 0.00000 1.00000 1.00000
1 582 0.00000 1.00000 1.00000
1 583 0.00000 1.00000 1.00000
1 584 0.00000 1.00000 1.00000
1 585 0.00000 1.00000 1.00000
1 586 0.00000 1.00000 1.00000
1 587 0.00000 1.00000 1.00000
1 588 0.00000 1.00000 1.00000
1 589 0.00000 1.00000 1.00000
1 590 0.00000 1.00000 1.00000
1 591 0.00000 1.00000 1.00000
1 592 0.00000 1.00000 1.00000
1 593 0.00000 1.00000 1.00000
1 594 0.00000 1.00000 1.00000
1 595 0.00000 1.00000 1.00000
1 596 0.00000 1.00000 1.00000
1 597 0.00000 1.00000 1.00000
1 598 0.00000 1.00000 1.00000
1 599 0.00000 1.00000 1.00000
1 600 0.00000 1.00000 1.00000
1 601 0.00000 1.00000 1.00000
1 602 0.00000 1.00000 1.00000
1 603 0.00000 1.00000 1.00000
1 604 0.00000 1.00000 1.00000
1 605 0.00000 1.00000 1.00000
1 606 0.00000 1.00000 1.00000
1 607 0.00000 1.00000 1.00000
1 608 0.00000 1.00000 1.00000
1 609 0.00000 1.00000 1.00000
1 610 0.00000 1.00000 1.00000
1 611 0.00000 1.00000 1.00000
1 612 0.00000 1.00000 1.00000
1 613 0.00000 1.00000 1.00000
1 614 0.00000 1.00000 1.00000
1 615 0.00000 1.00000 1.00000
1 616 0.00000 1.00000 1.00000
1 617 0.00000 1.00000 1.00000
1 618 0.00000 1.00000 1.00000
1 619 0.00000 1.00000 1.00000
1 620 0.00000 1.00000 1.00000
1 621 0.00000 1.00000 1.00000
1 622 0.00000 1.00000 1.00000
1 623 0.00000 1.00000 1.00000
1 624 0.00000 1.00000 1.00000
1 625 0.00000 1.00000 1.00000
1 626 0.00000 1.00000 1.00000
1 627 0.00000 1.00000 1.00000
1 628 0.00000 1.00000 1.00000
1 629 0.00000 1.00000 1.00000
1 630 0.00000 1.00000 1.00000
1 631 0.00000 1.00000 1.00000
1 632 0.00000 1.00000 1.00000
1 633 0.00000 1.00000 1.00000
1 634 0.00000 1.00000 1.00000
1 635 0.00000 1.00000 1.00000
1 636 0.00000 1.00000 1.00000
1 637 0.00000 1.00000 1.00000
1 638 0.00000 1.00000 1.00000
1 639 0.00000 1.00000 1.00000
1 640 0.00000 1.00000 1.00000
1 641 0.00000 1.00000 1.00000
1 642 0.00000 1.00000 1.00000
1 643 0.00000 1.00000 1.00000
1 644 0.00000 1.00000 1.00000
1 645 0.00000 1.00000 1.00000
1 646 0.00000 1.00000 1.00000
1 647 0.00000 1.00000 1.00000
1 648 0.00000 1.00000 1.00000
1 649 0.00000 1.00000 1.00000
1 650 0.00000 1.00000 1.00000
1 651 0.00000 1.00000 1.00000
1 652 0.00000 1.00000 1.00000
1 653 0.00000 1.00000 1.00000
1 654 0.00000 1.00000 1.00000
1 655 0.00000 1.00000 1.00000
1 656 0.00000 1.00000 1.00000
1 657 0.00000 1.00000 1.00000
1 658 0.00000 1.00000 1.00000
1 659 0.00000 1.00000 1.00000
1 660 0.00000 1.00000 1.00000
1 661 0.00000 1.00000 1.00000
1 662 0.00000 1.00000 1.00000
1 663 0.00000 1.00000 1.00000
1 664 0.00000 1.00000 1.00000
1 665 0.00000 1.00000 1.00000
1 666 0.00000 1.00000 1.00000
1 667 0.00000 1.00000 1.00000
1 668 0.00000 1.00000 1.00000
1 669 0.00000 1.00000 1.00000
1 670 0.00000 1.00000 1.00000
1 671 0.00000 1.00000 1.00000
1 672 0.00000 1.00000 1.00000
1 673 0.00000 1.00000 1.00000
1 674 0.00000 1.00000 1.00000
1 675 0.00000 1.00000 1.00000
1 676 0.00000 1.00000 1.00000
1 677 0.00000 1.00000 1.00000
1 678 0.00000 1.00000 1.00000
1 679 0.00000 1.00000 1.00000
1 680 0.00000 1.00000 1.00000
1 681 0.00000 1.00000 1.00000
1 682 0.00000 1.00000 1.00000
1 683 0.00000 1.00000 1.00000
1 684 0.00000 1.00000 1.00000
1 685 0.00000 1.00000 1.00000
1 686 0.00000 1.00000 1.00000
1 687 0.00000 1.00000 1.00000
1 688 0.00000 1.00000 1.00000
1 689 0.00000 1.00000 1.00000
1 690 0.00000 1.00000 1.00000
1 691 0.00000 1.00000 1.00000
1 692 0.00000 1.00000 1.00000
1 693 0.00000 1.00000 1.00000
1 694 0.00000 1.00000 1.00000
1 695 0.00000 1.00000 1.00000
1 696 0.00000 1.00000 1.00000
1 697 0.00000 1.00000 1.00000
1 698 0.00000 1.00000 1.00000
1 699 0.00000 1.00000 1.00000
1 700 0.00000 1.00000 1.00000
1 701 0.00000 1.00000 1.00000
1 702 0.00000 1.00000 1.00000
1 703 0.00000 1.00000 1.00000
1 704 0.00000 1.00000 1.00000
1 705 0.00000 1.00000 1.00000
1 706 0.00000 1.00000 1.00000
1 707 0.00000 1.00000 1.00000
1 708 0.00000 1.00000 1.00000
1 709 0.00000 1.00000 1.00000
1 710 0.00000 1.00000 1.00000
1 711 0.00000 1.00000 1.00000
1 712 0.00000 1.00000 1.00000
1 713 0.00000 1.00000 1.00000
1 714 0.00000 1.00000 1.00000
1 715 0.00000 1.00000 1.00000
1 716 0.00000 1.00000 1.00000
1 717 0.00000 1.00000 1.00000
1 718 0.00000 1.00000 1.00000
1 719 0.00000 1.00000 1.00000
1 720 0.00000 1.00000 1.00000
1 721 0.00000 1.00000 1.00000
1 722 0.00000 1.00000 1.00000
1 723 0.00000 1.00000 1.00000
1 724 0.00000 1.00000 1.00000
1 725 0.00000 1.00000 1.00000
1 726 0.00000 1.00000 1.00000
1 727 0.00000 1.00000 1.00000
1 728 0.00000 1.00000 1.00000
1 729 0.00000 1.00000 1.00000
1 730 0.00000 1.00000 1.00000
1 731 0.00000 1.00000 1.00000
1 732 0.00000 1.00000 1.00000
1 733 0.00000 1.00000 1.00000
1 734 0.00000 1.00000 1.00000
1 735 0.00000 1.00000 1.00000
1 736 0.00000 1.00000 1.00000
1 737 0.00000 1.00000 1.00000
1 738 0.00000 1.00000 1.00000
1 739 0.00000 1.00000 1.00000
1 740 0.00000 1.00000 1.00000
1 741 0.00000 1.00000 1.00000
1 742 0.00000 1.00000 1.00000
1 743 0.00000 1.00000 1.00000
1 744 0.00000 1.00000 1.00000
1 745 0.00000 1.00000 1.00000
1 746 0.00000 1.00000 1.00000
1 747 0.00000 1.00000 1.00000
1 748 0.00000 1.00000 1.00000
1 749 0.00000 1.00000 1.00000
1 750 0.00000 1.00000 1.00000
1 751 0.00000 1.00000 1.00000
1 752 0.00000 1.00000 1.00000
1 753 0.00000 1.00000 1.00000
1 754 0.00000 1.00000 1.00000
1 755 0.00000 1.00000 1.00000
1 756 0.00000 1.00000 1.00000
1 757 0.00000 1.00000 1.00000
1 758 0.00000 1.00000 1.00000
1 759 0.00000 1.00000 1.00000
1 760 0.00000 1.00000 1.00000
1 761 0.00000 1.00000 1.00000
1 762 0.00000 1.00000 1.00000
1 763 0.00000 1.00000 1.00000
1 764 0.00000 1.00000 1.00000
1 765 0.00000 1.00000 1.00000
1 766 0.00000 1.00000 1.00000
1 767 0.00000 1.00000 1.00000
1 768 0.00000 1.00000 1.00000
1 769 0.00000 1.00000 1.00000
1 770 0.00000 1.00000 1.00000
1 771 0.00000 1.00000 1.00000
1 772 0.00000 1.00000 1.00000
1 773 0.00000 1.00000 1.00000
1 774 0.00000 1.00000 1.00000
1 775 0.00000 1.00000 1.00000
1 776 0.00000 1.00000 1.00000
1 777 0.00000 1.00000 1.00000
1 778 0.00000 1.00000 1.00000
1 779 0.00000 1.00000 1.00000
1 780 0.00000 1.00000 1.00000
1 781 0.00000 1.00000 1.00000
1 782 0.00000 1.00000 1.00000
1 783 0.00000 1.00000 1.00000
1 784 0.00000 1.00000 1.00000
1 785 0.00000 1.00000 1.00000
1 786 0.00000 1.00000 1.00000
1 787 0.00000 1.00000 1.00000
1 788 0.00000 1.00000 1.00000
1 789 0.00000 1.00000 1.00000
1 790 0.00000 1.00000 1.00000
1 791 0.00000 1.00000 1.00000
1 792 0.00000 1.00000 1.00000
1 793 0.00000 1.00000 1.00000
1 794 0.00000 1.00000 1.00000
1 795 0.00000 1.00000 1.00000
1 796 0.00000 1.00000 1.00000
1 797 0.00000 1.00000 1.00000
1 798 0.00000 1.00000 1.00000
1 799 0.00000 1.00000 1.00000
1 800 0.00000 1.00000 1.00000
1 801 0.00000 1.00000 1.00000
1 802 0.00000 1.00000 1.00000
1 803 0.00000 1.00000 1.00000
1 804 0.00000 1.00000 1.00000
1 805 0.00000 1.00000 1.00000
1 806 0.00000 1.00000 1.00000
1 807 0.00000 1.00000 1.00000
1 808 0.00000 1.00000 1.00000
1 809 0.00000 1.00000 1.00000
1 810 0.00000 1.00000 1.00000
1 811 0.00000 1.00000 1.00000
1 812 0.00000 1.00000 1.00000
1 813 0.00000 1.00000 1.00000
1 814 0.00000 1.00000 1.00000
1 815 0.00000 1.00000 1.00000
1 816 0.00000 1.00000 1.00000
1 817 0.00000 1.00000 1.00000
1 818 0.00000 1.00000 1.00000
1 819 0.00000 1.00000 1.00000
1 820 0.00000 1.00000 1.00000
1 821 0.00000 1.00000 1.00000
1 822 0.00000 1.00000 1.00000
1 823 0.00000 1.00000 1.00000
1 824 0.00000 1.00000 1.00000
1 825 0.00000 1.00000 1.00000
1 826 0.00000 1.00000 1.00000
1 827 0.00000 1.00000 1.00000
1 828 0.00000 1.00000 1.00000
1 829 0.00000 1.00000 1.00000
1 830 0.00000 1.00000 1.00000
1 831 0.00000 1.00000 1.00000
1 832 0.00000 1.00000 1.00000
1 833 0.00000 1.00000 1.00000
1 834 0.00000 1.00000 1.00000
1 835 0.00000 1.00000 1.00000
1 836 0.00000 1.00000 1.00000
1 837 0.00000 1.00000 1.00000
1 838 0.00000 1.00000 1.00000
1 839 0.00000 1.00000 1.00000
1 840 0.00000 1.00000 1.00000
1 841 0.00000 1.00000 1.00000
1 842 0.00000 1.00000 1.00000
1 843 0.00000 1.00000 1.00000
1 844 0.00000 1.00000 1.00000
1 845 0.00000 1.00000 1.00000
1 846 0.00000 1.00000 1.00000
1 847 0.00000 1.00000 1.00000
1 848 0.00000 1.00000 1.00000
1 849 0.00000 1.00000 1.00000
1 850 0.00000 1.00000 1.00000
1 851 0.00000 1.00000 1.00000
1 852 0.00000 1.00000 1.00000
1 853 0.00000 1.00000 1.00000
1 854 0.00000 1.00000 1.00000
1 855 0.00000 1.00000 1.00000
1 856 0.00000 1.00000 1.00000
1 857 0.00000 1.00000 1.00000
1 858 0.00000 1.00000 1.00000
1 859 0.00000 1.00000 1.00000
1 860 0.00000 1.00000 1.00000
1 861 0.00000 1.00000 1.00000
1 862 0.00000 1.00000 1.00000
1 863 0.00000 1.00000 1.00000
1 864 0.00000 1.00000 1.00000
1 865 0.00000 1.00000 1.00000
1 866 0.00000 1.00000 1.00000
1 867 0.00000 1.00000 1.00000
1 868 0.00000 1.00000 1.00000
1 869 0.00000 1.00000 1.00000
1 870 0.00000 1.00000 1.00000
1 871 0.00000 1.00000 1.00000
